model,seed,val_scale,raw_0.5,raw_0.683,raw_0.8,raw_0.9,raw_0.95,cal_0.5,cal_0.683,cal_0.8,cal_0.9,cal_0.95,fg_0.5,fg_0.683,fg_0.8,fg_0.9,fg_0.95
chipstain_nll,0,,0.44946246913580246,0.632674074074074,0.7451328395061728,0.8389943209876544,0.8902345679012346,,,,,,0.5378289583291682,0.7134155687505415,0.8126278680767974,0.8854901803981153,0.9204069120400914
chipstain_nll,1,,0.48166444444444445,0.6571409876543209,0.7655908641975309,0.8617348148148148,0.914481975308642,,,,,,0.5019059424085515,0.6681161158759671,0.763613160332407,0.8370452561360017,0.873268158099922
chipstain_nll,2,,0.43624123456790126,0.6102291358024692,0.7227118518518518,0.8213325925925926,0.8773187654320987,,,,,,0.5374257782042824,0.7156347254709877,0.8158233204715541,0.8885723425098463,0.9232258408471448
chipstain_nll_tta,0,0.9543904066085815,0.5364555555555556,0.7038387654320988,0.7940604938271605,0.8659720987654321,0.9060145679012346,0.516120987654321,0.6851269135802469,0.7784343209876543,0.8539274074074074,0.8959654320987654,0.5704032467662289,0.7462031094850623,0.840064108971924,0.9073552050220917,0.9379935624462704
chipstain_nll_tta,1,0.9725277423858643,0.5271241975308641,0.7047330864197531,0.808598024691358,0.8968328395061729,0.9424908641975308,0.5147323456790124,0.692494074074074,0.7974903703703704,0.8881343209876543,0.9362525925925926,0.5476985412210027,0.7284731801915272,0.8294747995761611,0.9023837608375483,0.9364608115582745
chipstain_nll_tta,2,0.999133288860321,0.5093624691358025,0.6806733333333334,0.7780027160493828,0.8607762962962963,0.9077846913580246,0.5090014814814815,0.6803224691358025,0.7776804938271605,0.8605175308641976,0.9075706172839506,0.5635591808446124,0.7415148910080835,0.8371485502175839,0.904669558900951,0.9360642955676843
pretrained_l1_tta,0,19.950647354125977,0.043081728395061726,0.06505925925925926,0.08453876543209876,0.10947555555555556,0.13021234567901235,0.5849481481481481,0.7182646913580247,0.7951824691358025,0.8624879012345679,0.9018204938271605,0.1208174227127025,0.17664620777437906,0.2220822754020139,0.2768781196478671,0.3208813984019406
pretrained_l1_tta,1,19.054906845092773,0.07811037037037037,0.11132345679012345,0.13676222222222223,0.16658617283950616,0.19058814814814815,0.6257496296296297,0.7462516049382716,0.8170185185185185,0.8794528395061728,0.9156096296296297,0.12026763163331268,0.1757765382487988,0.22143252230818955,0.27631500029988604,0.32104800175933146
pretrained_l1_tta,2,16.339488983154297,0.05767506172839506,0.08824864197530864,0.11523950617283951,0.14962345679012345,0.17785901234567902,0.6706291358024692,0.8083955555555555,0.8788195061728395,0.9316488888888889,0.9576708641975309,0.1110911187082242,0.16334792778744078,0.2061616585697435,0.25820521535149976,0.3011022478124979
baseline_unet_tta,0,18.590055465698242,0.048054814814814814,0.07352246913580247,0.0957283950617284,0.12414024691358025,0.1478883950617284,0.6526762962962963,0.787844938271605,0.8592686419753086,0.9164481481481481,0.946379012345679,0.11674896872521776,0.1707284565198558,0.21565804994102242,0.27012735160638957,0.3150369526246693
baseline_unet_tta,1,17.911701202392578,0.053749135802469136,0.08159975308641976,0.1057474074074074,0.13638395061728395,0.16161185185185184,0.629460987654321,0.7541706172839506,0.8229661728395061,0.8817029629629629,0.9157664197530864,0.12204695549024704,0.17874207801035608,0.22469461604590255,0.28063335932345707,0.32566957889335385
baseline_unet_tta,2,27.298913955688477,0.044935308641975306,0.06800246913580246,0.08788543209876543,0.11267506172839506,0.13310691358024693,0.7200138271604938,0.842034074074074,0.900185925925926,0.9426612345679012,0.963583950617284,0.11178085660782236,0.16365114589789215,0.2048788127178339,0.25471654104773517,0.29445144178545485
