source,image,timepoint,f1,n_pred,n_ref
real H2B,0,1,0.8571428566456569,68,79
real H2B,1,10,0.8684210521346953,70,82
real H2B,2,50,0.8900523555226008,90,101
real H2B,3,100,0.8494983272601424,143,156
real H2B,4,150,0.8564814809830248,204,228
real H2B,5,1,0.9338235289120079,133,139
real H2B,6,10,0.9411764700882891,143,146
real H2B,7,50,0.8917525768199196,189,199
real H2B,8,100,0.9339774552166497,307,314
real H2B,9,150,0.8676996419320635,405,434
real H2B,10,1,0.9106145246404295,172,186
real H2B,11,10,0.9454545449547107,189,196
real H2B,12,50,0.9330783933814695,260,263
real H2B,13,100,0.8601036264431259,380,392
real H2B,14,150,0.8015051735358226,525,538
real H2B,15,1,0.9084507037262447,136,148
real H2B,16,10,0.9378881982582463,156,166
real H2B,17,50,0.9344978160942297,223,235
real H2B,18,100,0.8823529406773183,326,354
real H2B,19,150,0.7708333328341077,415,449
real H2B,20,1,0.9154228850749238,93,108
real H2B,21,10,0.9017857137882653,104,120
real H2B,22,50,0.9020979015991001,136,150
real H2B,23,100,0.9300225728637395,216,227
real H2B,24,150,0.894964028277733,334,361
real H2B,25,1,0.7058823524736639,19,32
real H2B,26,10,0.7272727268006612,21,34
real H2B,27,50,0.8351648346750392,39,52
real H2B,28,100,0.8904109584064552,68,78
real H2B,29,150,0.8868778275560287,104,117
real H2B,30,1,0.6956521734470699,17,29
real H2B,31,10,0.6799999995511999,17,33
real H2B,32,50,0.7945205474565585,31,42
real H2B,33,100,0.7818181813287602,47,63
real H2B,34,150,0.8928571423582766,80,88
real H2B,35,1,0.7272727268031709,29,48
real H2B,36,10,0.790697673925365,38,48
real H2B,37,50,0.7959183668602666,41,57
real H2B,38,100,0.8322147646057384,67,82
real H2B,39,150,0.9145299140308275,112,122
real H2B,40,1,0.6849315063906923,26,47
real H2B,41,10,0.789473683727493,31,45
real H2B,42,50,0.9333333328355555,56,64
real H2B,43,100,0.8522727267768595,80,96
real H2B,44,150,0.8773234195755172,128,141
real H2B,45,1,0.43478260829017007,13,33
real H2B,46,10,0.6181818177190083,20,35
real H2B,47,50,0.6666666661866667,24,36
real H2B,48,100,0.8316831678309969,42,59
real H2B,49,150,0.9176470583238062,83,87
real H2B,50,1,0.8717948712988988,71,85
real H2B,51,10,0.8452380947426303,76,92
real H2B,52,50,0.904761904262313,102,108
real H2B,53,100,0.889589904865408,147,170
real H2B,54,150,0.840707964101858,223,229
real H2B,55,1,0.8877005342600589,90,97
real H2B,56,10,0.8910891084148612,92,110
real H2B,57,50,0.8947368416056094,148,156
real H2B,58,100,0.9199084663196645,212,225
real H2B,59,150,0.9017160681429514,314,327
real H2B,60,1,0.8108108103182068,65,83
real H2B,61,10,0.8679245278076024,71,88
real H2B,62,50,0.821782177721792,92,110
real H2B,63,100,0.8768768763796949,154,179
real H2B,64,150,0.9357429713883566,239,259
real H2B,65,1,0.9189189184199333,106,116
real H2B,66,10,0.9620253159559186,116,121
real H2B,67,50,0.9194029845747381,165,170
real H2B,68,100,0.909853248976526,230,247
real H2B,69,150,0.857988165181458,323,353
real H2B,70,1,0.7941176465657438,30,38
real H2B,71,10,0.7999999995107556,32,43
real H2B,72,50,0.8727272722287602,52,58
real H2B,73,100,0.8508287287819053,89,92
real H2B,74,150,0.8630136981305123,142,150
real H2B,75,1,0.7636363631642975,21,34
real H2B,76,10,0.689655171951843,21,37
real H2B,77,50,0.8139534878853434,36,50
real H2B,78,100,0.8684210521371191,68,84
real H2B,79,150,0.8493150679969141,100,119
real H2B,80,1,0.7333333328605556,23,37
real H2B,81,10,0.8064516124162331,26,36
real H2B,82,50,0.8354430374843774,34,45
real H2B,83,100,0.8598130836125424,52,55
real H2B,84,150,0.8656716412950546,61,73
real H2B,85,1,0.8453608242448719,45,52
real H2B,86,10,0.8333333328472221,45,63
real H2B,87,50,0.9171974517317537,73,84
real H2B,88,100,0.8968253963274124,118,134
real H2B,89,150,0.8693181813192148,168,184
real H2B,90,1,0.8349514558212837,44,59
real H2B,91,10,0.8035714280816326,48,64
real H2B,92,50,0.7777777772855902,63,81
real H2B,93,100,0.9112903220814581,119,129
real H2B,94,150,0.8328445742816108,161,180
real H2B,95,1,0.8347826081987145,53,62
real H2B,96,10,0.8159999995054078,56,69
real H2B,97,50,0.8749999995034722,88,104
real H2B,98,100,0.889679714804777,131,150
real H2B,99,150,0.8736842100290305,176,204
real H2B,100,1,0.7640449433430122,35,54
real H2B,101,10,0.8431372544067667,46,56
real H2B,102,50,0.8358208950251725,62,72
real H2B,103,100,0.8703703698710562,104,112
real H2B,104,150,0.8813559317064292,136,159
real H2B,105,1,0.8641975303734187,35,46
real H2B,106,10,0.8799999995032001,46,54
real H2B,107,50,0.8888888883935254,61,74
real H2B,108,100,0.8358208950268557,91,110
real H2B,109,150,0.8065843616480549,106,137
real H2B,110,1,0.47619047574603174,14,28
real H2B,111,10,0.6923076918343195,20,32
real H2B,112,50,0.7575757571051422,25,41
real H2B,113,100,0.8648648643697752,50,61
real H2B,114,150,0.8538011690955849,77,94
real H2B,115,1,0.8499999995049999,54,66
real H2B,116,10,0.8709677414387356,57,67
real H2B,117,50,0.909090908591809,79,86
real H2B,118,100,0.8674698790198868,117,132
real H2B,119,150,0.8757763970167625,153,169
real H2B,120,1,0.9389671356515682,101,112
real H2B,121,10,0.9230769225772517,114,120
real H2B,122,50,0.9378881982578411,159,163
real H2B,123,100,0.9213973794130069,223,235
real H2B,124,150,0.8029411759712108,328,352
ChipStain + TTA s0,0,1,0.8313253007059805,87,79
ChipStain + TTA s0,1,10,0.7485380111967443,89,82
ChipStain + TTA s0,2,50,0.7887323938675307,112,101
ChipStain + TTA s0,3,100,0.6850152900209296,171,156
ChipStain + TTA s0,4,150,0.668067226391639,248,228
ChipStain + TTA s0,5,1,0.7762237757241672,147,139
ChipStain + TTA s0,6,10,0.8478964396309632,163,146
ChipStain + TTA s0,7,50,0.7207637226516139,220,199
ChipStain + TTA s0,8,100,0.6758832560290419,337,314
ChipStain + TTA s0,9,150,0.6038592503514142,447,434
ChipStain + TTA s0,10,1,0.7810945268659687,216,186
ChipStain + TTA s0,11,10,0.77934272250788,230,196
ChipStain + TTA s0,12,50,0.7473684205556109,307,263
ChipStain + TTA s0,13,100,0.6633785445067193,419,392
ChipStain + TTA s0,14,150,0.5693296597388224,551,538
ChipStain + TTA s0,15,1,0.8355263152898199,156,148
ChipStain + TTA s0,16,10,0.8328611893034693,187,166
ChipStain + TTA s0,17,50,0.7813765177198034,259,235
ChipStain + TTA s0,18,100,0.6630136981305911,376,354
ChipStain + TTA s0,19,150,0.5986547080202019,443,449
ChipStain + TTA s0,20,1,0.8849557517133682,118,108
ChipStain + TTA s0,21,10,0.8844621508953825,131,120
ChipStain + TTA s0,22,50,0.8138801256844032,167,150
ChipStain + TTA s0,23,100,0.73577235722656,265,227
ChipStain + TTA s0,24,150,0.568807338950985,402,361
ChipStain + TTA s0,25,1,0.6071428566530612,24,32
ChipStain + TTA s0,26,10,0.6060606055610651,32,34
ChipStain + TTA s0,27,50,0.6779661012019534,66,52
ChipStain + TTA s0,28,100,0.6368715078881432,101,78
ChipStain + TTA s0,29,150,0.5538461533511538,143,117
ChipStain + TTA s0,30,1,0.5660377353535065,24,29
ChipStain + TTA s0,31,10,0.606060605560606,33,33
ChipStain + TTA s0,32,50,0.4888888883911111,48,42
ChipStain + TTA s0,33,100,0.4892086325978987,76,63
ChipStain + TTA s0,34,150,0.5894736837132409,102,88
ChipStain + TTA s0,35,1,0.7368421047632132,47,48
ChipStain + TTA s0,36,10,0.7526881715435311,45,48
ChipStain + TTA s0,37,50,0.7272727267733884,53,57
ChipStain + TTA s0,38,100,0.6707317068170732,82,82
ChipStain + TTA s0,39,150,0.5676855890217959,107,122
ChipStain + TTA s0,40,1,0.7291666661668836,49,47
ChipStain + TTA s0,41,10,0.8510638292881394,49,45
ChipStain + TTA s0,42,50,0.7669172927337893,69,64
ChipStain + TTA s0,43,100,0.6268656711427933,105,96
ChipStain + TTA s0,44,150,0.5563380276690387,143,141
ChipStain + TTA s0,45,1,0.23255813917793405,10,33
ChipStain + TTA s0,46,10,0.20833333293836806,13,35
ChipStain + TTA s0,47,50,0.6575342460754363,37,36
ChipStain + TTA s0,48,100,0.6238532105125831,50,59
ChipStain + TTA s0,49,150,0.6557377044192422,96,87
ChipStain + TTA s0,50,1,0.8651685388268527,93,85
ChipStain + TTA s0,51,10,0.7979274606409836,101,92
ChipStain + TTA s0,52,50,0.7321428566434949,116,108
ChipStain + TTA s0,53,100,0.6611111106126543,190,170
ChipStain + TTA s0,54,150,0.668076109437078,244,229
ChipStain + TTA s0,55,1,0.8490566032771892,115,97
ChipStain + TTA s0,56,10,0.8362068960530618,122,110
ChipStain + TTA s0,57,50,0.7914110424457073,170,156
ChipStain + TTA s0,58,100,0.6995708149512332,241,225
ChipStain + TTA s0,59,150,0.6454545449545868,333,327
ChipStain + TTA s0,60,1,0.7486033514579443,96,83
ChipStain + TTA s0,61,10,0.7608695647183364,96,88
ChipStain + TTA s0,62,50,0.725738396127045,127,110
ChipStain + TTA s0,63,100,0.6759002765083447,182,179
ChipStain + TTA s0,64,150,0.6740740735749039,281,259
ChipStain + TTA s0,65,1,0.8632478627478998,118,116
ChipStain + TTA s0,66,10,0.9016393437623287,123,121
ChipStain + TTA s0,67,50,0.765363127992884,188,170
ChipStain + TTA s0,68,100,0.6841046272666178,250,247
ChipStain + TTA s0,69,150,0.5545087478188712,390,353
ChipStain + TTA s0,70,1,0.6582278476019868,41,38
ChipStain + TTA s0,71,10,0.7872340420568131,51,43
ChipStain + TTA s0,72,50,0.6456692908423336,69,58
ChipStain + TTA s0,73,100,0.6923076918077528,90,92
ChipStain + TTA s0,74,150,0.484429065244669,139,150
ChipStain + TTA s0,75,1,0.0952380949297052,8,34
ChipStain + TTA s0,76,10,0.20408163228321535,12,37
ChipStain + TTA s0,77,50,0.6595744675871434,44,50
ChipStain + TTA s0,78,100,0.6467065863263652,83,84
ChipStain + TTA s0,79,150,0.6454183261945684,132,119
ChipStain + TTA s0,80,1,0.580645160809053,25,37
ChipStain + TTA s0,81,10,0.5624999995078125,28,36
ChipStain + TTA s0,82,50,0.6588235289134947,40,45
ChipStain + TTA s0,83,100,0.53781512555328,64,55
ChipStain + TTA s0,84,150,0.5093167696906755,88,73
ChipStain + TTA s0,85,1,0.8521739125480527,63,52
ChipStain + TTA s0,86,10,0.8296296291318518,72,63
ChipStain + TTA s0,87,50,0.8089887635465219,94,84
ChipStain + TTA s0,88,100,0.6666666661666941,136,134
ChipStain + TTA s0,89,150,0.5759162298671637,198,184
ChipStain + TTA s0,90,1,0.8095238090258251,67,59
ChipStain + TTA s0,91,10,0.7851851846865295,71,64
ChipStain + TTA s0,92,50,0.7544910174645201,86,81
ChipStain + TTA s0,93,100,0.7084870843719993,142,129
ChipStain + TTA s0,94,150,0.6459948315437773,207,180
ChipStain + TTA s0,95,1,0.9076923071933727,68,62
ChipStain + TTA s0,96,10,0.7857142852143877,71,69
ChipStain + TTA s0,97,50,0.8636363631378512,116,104
ChipStain + TTA s0,98,100,0.738461537964497,175,150
ChipStain + TTA s0,99,150,0.6526806521818508,225,204
ChipStain + TTA s0,100,1,0.7722772272251739,47,54
ChipStain + TTA s0,101,10,0.8130081295852998,67,56
ChipStain + TTA s0,102,50,0.7346938770512287,75,72
ChipStain + TTA s0,103,100,0.6311475404869658,132,112
ChipStain + TTA s0,104,150,0.6283987910415566,172,159
ChipStain + TTA s0,105,1,0.8775510199100375,52,46
ChipStain + TTA s0,106,10,0.8392857137863521,58,54
ChipStain + TTA s0,107,50,0.7973856204155667,79,74
ChipStain + TTA s0,108,100,0.5903083695445283,117,110
ChipStain + TTA s0,109,150,0.6642335761423357,137,137
ChipStain + TTA s0,110,1,0.2051282047232084,11,28
ChipStain + TTA s0,111,10,0.43333333283555553,28,32
ChipStain + TTA s0,112,50,0.5714285709306798,36,41
ChipStain + TTA s0,113,100,0.5692307687326627,69,61
ChipStain + TTA s0,114,150,0.6113989632309054,99,94
ChipStain + TTA s0,115,1,0.8345323736019874,73,66
ChipStain + TTA s0,116,10,0.7671232871746105,79,67
ChipStain + TTA s0,117,50,0.6994535514143748,97,86
ChipStain + TTA s0,118,100,0.6049822059075239,149,132
ChipStain + TTA s0,119,150,0.5905292474125743,190,169
ChipStain + TTA s0,120,1,0.807017543359803,116,112
ChipStain + TTA s0,121,10,0.8433734934765568,129,120
ChipStain + TTA s0,122,50,0.8093841637238414,178,163
ChipStain + TTA s0,123,100,0.7644628094177737,249,235
ChipStain + TTA s0,124,150,0.7178770944722074,364,352
ChipStain + TTA s1,0,1,0.7975460117704091,84,79
ChipStain + TTA s1,1,10,0.7455621296779523,87,82
ChipStain + TTA s1,2,50,0.809523809024535,109,101
ChipStain + TTA s1,3,100,0.6666666661681542,174,156
ChipStain + TTA s1,4,150,0.6570247928901031,256,228
ChipStain + TTA s1,5,1,0.773519163263558,148,139
ChipStain + TTA s1,6,10,0.7037037032070232,124,146
ChipStain + TTA s1,7,50,0.4940476185646436,137,199
ChipStain + TTA s1,8,100,0.47602739676311223,270,314
ChipStain + TTA s1,9,150,0.13043478216918714,210,434
ChipStain + TTA s1,10,1,0.8129675805499965,215,186
ChipStain + TTA s1,11,10,0.7962529269038277,231,196
ChipStain + TTA s1,12,50,0.7673179391113957,300,263
ChipStain + TTA s1,13,100,0.2296072502722684,270,392
ChipStain + TTA s1,14,150,0.15314285666924146,337,538
ChipStain + TTA s1,15,1,0.8393442617955174,157,148
ChipStain + TTA s1,16,10,0.746268656216458,169,166
ChipStain + TTA s1,17,50,0.7764227637286419,257,235
ChipStain + TTA s1,18,100,0.6346967554943591,355,354
ChipStain + TTA s1,19,150,0.20424403134847569,305,449
ChipStain + TTA s1,20,1,0.8799999995007999,117,108
ChipStain + TTA s1,21,10,0.8915662645608942,129,120
ChipStain + TTA s1,22,50,0.8025078364923695,169,150
ChipStain + TTA s1,23,100,0.7246963557785818,267,227
ChipStain + TTA s1,24,150,0.5128900944798541,376,361
ChipStain + TTA s1,25,1,0.6764705877370242,36,32
ChipStain + TTA s1,26,10,0.805194804701636,43,34
ChipStain + TTA s1,27,50,0.7241379305398336,64,52
ChipStain + TTA s1,28,100,0.6249999995064566,98,78
ChipStain + TTA s1,29,150,0.5714285709295792,128,117
ChipStain + TTA s1,30,1,0.6545454540469421,26,29
ChipStain + TTA s1,31,10,0.6865671636792159,34,33
ChipStain + TTA s1,32,50,0.5106382973779992,52,42
ChipStain + TTA s1,33,100,0.4255319143992756,78,63
ChipStain + TTA s1,34,150,0.5668449192878264,99,88
ChipStain + TTA s1,35,1,0.709677418855359,45,48
ChipStain + TTA s1,36,10,0.8041237108402592,49,48
ChipStain + TTA s1,37,50,0.7068965512242866,59,57
ChipStain + TTA s1,38,100,0.7349397585362172,84,82
ChipStain + TTA s1,39,150,0.6075949362092968,115,122
ChipStain + TTA s1,40,1,0.7741935478871546,46,47
ChipStain + TTA s1,41,10,0.8297872335434586,49,45
ChipStain + TTA s1,42,50,0.7819548867187518,69,64
ChipStain + TTA s1,43,100,0.5999999995007999,104,96
ChipStain + TTA s1,44,150,0.5853658531586883,146,141
ChipStain + TTA s1,45,1,0.3404255314966048,14,33
ChipStain + TTA s1,46,10,0.37288135544958345,24,35
ChipStain + TTA s1,47,50,0.7105263152908587,40,36
ChipStain + TTA s1,48,100,0.6371681410938993,54,59
ChipStain + TTA s1,49,150,0.6054054049071731,98,87
ChipStain + TTA s1,50,1,0.8700564966759233,92,85
ChipStain + TTA s1,51,10,0.8229166661675347,100,92
ChipStain + TTA s1,52,50,0.7377777772785776,117,108
ChipStain + TTA s1,53,100,0.6551724132933677,178,170
ChipStain + TTA s1,54,150,0.6122448974599266,212,229
ChipStain + TTA s1,55,1,0.8356807506776873,116,97
ChipStain + TTA s1,56,10,0.8389830503497558,126,110
ChipStain + TTA s1,57,50,0.8173374608008893,167,156
ChipStain + TTA s1,58,100,0.5768321508022735,198,225
ChipStain + TTA s1,59,150,0.536661465958864,314,327
ChipStain + TTA s1,60,1,0.7513812149730472,98,83
ChipStain + TTA s1,61,10,0.7752808983764676,90,88
ChipStain + TTA s1,62,50,0.7088607589962435,127,110
ChipStain + TTA s1,63,100,0.6460674152303528,177,179
ChipStain + TTA s1,64,150,0.6729323303274138,273,259
ChipStain + TTA s1,65,1,0.8110599073364905,101,116
ChipStain + TTA s1,66,10,0.8934426224508533,123,121
ChipStain + TTA s1,67,50,0.7787114840949712,187,170
ChipStain + TTA s1,68,100,0.6867469874518394,251,247
ChipStain + TTA s1,69,150,0.48850574662654006,343,353
ChipStain + TTA s1,70,1,0.7142857137902494,46,38
ChipStain + TTA s1,71,10,0.7956989242340154,50,43
ChipStain + TTA s1,72,50,0.6559999995025919,67,58
ChipStain + TTA s1,73,100,0.6701570675634987,99,92
ChipStain + TTA s1,74,150,0.49831649781654935,147,150
ChipStain + TTA s1,75,1,0.42553191449343597,13,34
ChipStain + TTA s1,76,10,0.6557377044407418,24,37
ChipStain + TTA s1,77,50,0.7142857137859224,48,50
ChipStain + TTA s1,78,100,0.6549707597340719,87,84
ChipStain + TTA s1,79,150,0.639999999501152,131,119
ChipStain + TTA s1,80,1,0.47272727228694206,18,37
ChipStain + TTA s1,81,10,0.4590163929588821,25,36
ChipStain + TTA s1,82,50,0.7499999995002582,43,45
ChipStain + TTA s1,83,100,0.5322580640225025,69,55
ChipStain + TTA s1,84,150,0.523809523318098,95,73
ChipStain + TTA s1,85,1,0.897196261182636,55,52
ChipStain + TTA s1,86,10,0.8031496057992435,64,63
ChipStain + TTA s1,87,50,0.8089887635465219,94,84
ChipStain + TTA s1,88,100,0.6567164174104477,134,134
ChipStain + TTA s1,89,150,0.5806451607903804,188,184
ChipStain + TTA s1,90,1,0.7868852454021769,63,59
ChipStain + TTA s1,91,10,0.8208955218890622,70,64
ChipStain + TTA s1,92,50,0.7882352936187543,89,81
ChipStain + TTA s1,93,100,0.7011070105712612,142,129
ChipStain + TTA s1,94,150,0.685863873847208,202,180
ChipStain + TTA s1,95,1,0.9242424237442608,70,62
ChipStain + TTA s1,96,10,0.799999999500102,71,69
ChipStain + TTA s1,97,50,0.7999999995000453,106,104
ChipStain + TTA s1,98,100,0.6297577849678523,139,150
ChipStain + TTA s1,99,150,0.2476780181104775,119,204
ChipStain + TTA s1,100,1,0.7454545449547108,56,54
ChipStain + TTA s1,101,10,0.7936507931569665,70,56
ChipStain + TTA s1,102,50,0.7114093954737174,77,72
ChipStain + TTA s1,103,100,0.6942148755358242,130,112
ChipStain + TTA s1,104,150,0.6409495543977317,178,159
ChipStain + TTA s1,105,1,0.9183673464406498,52,46
ChipStain + TTA s1,106,10,0.8421052626592798,60,54
ChipStain + TTA s1,107,50,0.7712418295658933,79,74
ChipStain + TTA s1,108,100,0.6754385959918436,118,110
ChipStain + TTA s1,109,150,0.4181818177119421,83,137
ChipStain + TTA s1,110,1,0.2857142852698413,14,28
ChipStain + TTA s1,111,10,0.47058823479584777,36,32
ChipStain + TTA s1,112,50,0.6666666661706172,49,41
ChipStain + TTA s1,113,100,0.6197183093690736,81,61
ChipStain + TTA s1,114,150,0.6288659788819215,100,94
ChipStain + TTA s1,115,1,0.8226950349630299,75,66
ChipStain + TTA s1,116,10,0.7891156457624138,80,67
ChipStain + TTA s1,117,50,0.7567567562592257,99,86
ChipStain + TTA s1,118,100,0.6499999995016327,148,132
ChipStain + TTA s1,119,150,0.6011235950068962,187,169
ChipStain + TTA s1,120,1,0.7465437783023635,105,112
ChipStain + TTA s1,121,10,0.7019230764349111,88,120
ChipStain + TTA s1,122,50,0.21224489751383588,82,163
ChipStain + TTA s1,123,100,0.13422818758603214,63,235
ChipStain + TTA s1,124,150,0.0,15,352
ChipStain + TTA s2,0,1,0.7975460117704091,84,79
ChipStain + TTA s2,1,10,0.7499999995002834,86,82
ChipStain + TTA s2,2,50,0.7980295561502584,102,101
ChipStain + TTA s2,3,100,0.6105918998119195,165,156
ChipStain + TTA s2,4,150,0.6566523600152517,238,228
ChipStain + TTA s2,5,1,0.7692307687311604,147,139
ChipStain + TTA s2,6,10,0.8459016388451707,159,146
ChipStain + TTA s2,7,50,0.7350835317208263,220,199
ChipStain + TTA s2,8,100,0.6475037816495064,347,314
ChipStain + TTA s2,9,150,0.5273972597740143,442,434
ChipStain + TTA s2,10,1,0.8123393311204923,203,186
ChipStain + TTA s2,11,10,0.8153477213243392,221,196
ChipStain + TTA s2,12,50,0.7347670245912501,295,263
ChipStain + TTA s2,13,100,0.6237623757380648,416,392
ChipStain + TTA s2,14,150,0.5392428434520061,545,538
ChipStain + TTA s2,15,1,0.8344370855929124,154,148
ChipStain + TTA s2,16,10,0.8295454540470685,186,166
ChipStain + TTA s2,17,50,0.766393442123631,253,235
ChipStain + TTA s2,18,100,0.5898876399494539,358,354
ChipStain + TTA s2,19,150,0.5324532448246055,460,449
ChipStain + TTA s2,20,1,0.9049773750658666,113,108
ChipStain + TTA s2,21,10,0.8734693872553102,125,120
ChipStain + TTA s2,22,50,0.8051118205871245,163,150
ChipStain + TTA s2,23,100,0.7178423231531396,255,227
ChipStain + TTA s2,24,150,0.5209176783127443,380,361
ChipStain + TTA s2,25,1,0.6440677961137603,27,32
ChipStain + TTA s2,26,10,0.6571428566432653,36,34
ChipStain + TTA s2,27,50,0.7068965512294887,64,52
ChipStain + TTA s2,28,100,0.5966850823824669,103,78
ChipStain + TTA s2,29,150,0.5737704913041185,127,117
ChipStain + TTA s2,30,1,0.6101694910255674,30,29
ChipStain + TTA s2,31,10,0.571428570929705,30,33
ChipStain + TTA s2,32,50,0.4347826081994329,50,42
ChipStain + TTA s2,33,100,0.4264705877379974,73,63
ChipStain + TTA s2,34,150,0.5212765952467179,100,88
ChipStain + TTA s2,35,1,0.7415730332109581,41,48
ChipStain + TTA s2,36,10,0.7252747247762348,43,48
ChipStain + TTA s2,37,50,0.6551724132932519,59,57
ChipStain + TTA s2,38,100,0.6499999995003124,78,82
ChipStain + TTA s2,39,150,0.5555555550564688,112,122
ChipStain + TTA s2,40,1,0.7526881715430687,46,47
ChipStain + TTA s2,41,10,0.7956989242317031,48,45
ChipStain + TTA s2,42,50,0.7596899219806502,65,64
ChipStain + TTA s2,43,100,0.5499999995007999,104,96
ChipStain + TTA s2,44,150,0.5390070916985815,141,141
ChipStain + TTA s2,45,1,0.3255813949918875,10,33
ChipStain + TTA s2,46,10,0.49999999951388885,25,35
ChipStain + TTA s2,47,50,0.7323943656972821,35,36
ChipStain + TTA s2,48,100,0.6486486481506372,52,59
ChipStain + TTA s2,49,150,0.6279069762442536,85,87
ChipStain + TTA s2,50,1,0.8685714280718367,90,85
ChipStain + TTA s2,51,10,0.7668393777394292,101,92
ChipStain + TTA s2,52,50,0.7373271884401027,109,108
ChipStain + TTA s2,53,100,0.6571428566432653,180,170
ChipStain + TTA s2,54,150,0.5938864623820961,229,229
ChipStain + TTA s2,55,1,0.874999999502265,111,97
ChipStain + TTA s2,56,10,0.8908296938239163,119,110
ChipStain + TTA s2,57,50,0.7938461533469539,169,156
ChipStain + TTA s2,58,100,0.6639175252757997,260,225
ChipStain + TTA s2,59,150,0.6298507457689418,343,327
ChipStain + TTA s2,60,1,0.7415730332101377,95,83
ChipStain + TTA s2,61,10,0.7457627113644227,89,88
ChipStain + TTA s2,62,50,0.7161572047409469,119,110
ChipStain + TTA s2,63,100,0.6796657376615637,180,179
ChipStain + TTA s2,64,150,0.5897920599917096,270,259
ChipStain + TTA s2,65,1,0.8927038621609533,117,116
ChipStain + TTA s2,66,10,0.8806584357140002,122,121
ChipStain + TTA s2,67,50,0.7709497201716551,188,170
ChipStain + TTA s2,68,100,0.6572580640161372,249,247
ChipStain + TTA s2,69,150,0.4930747917440129,369,353
ChipStain + TTA s2,70,1,0.7532467527468377,39,38
ChipStain + TTA s2,71,10,0.7999999995009877,47,43
ChipStain + TTA s2,72,50,0.6885245896651438,64,58
ChipStain + TTA s2,73,100,0.6417112294466527,95,92
ChipStain + TTA s2,74,150,0.501694914754381,145,150
ChipStain + TTA s2,75,1,0.34042553151471255,13,34
ChipStain + TTA s2,76,10,0.1777777774854321,8,37
ChipStain + TTA s2,77,50,0.7741935478899294,43,50
ChipStain + TTA s2,78,100,0.6785714280714286,84,84
ChipStain + TTA s2,79,150,0.639999999501152,131,119
ChipStain + TTA s2,80,1,0.48275862022770505,21,37
ChipStain + TTA s2,81,10,0.4745762707107154,23,36
ChipStain + TTA s2,82,50,0.6976744181057327,41,45
ChipStain + TTA s2,83,100,0.5714285709314313,64,55
ChipStain + TTA s2,84,150,0.49999999950602314,91,73
ChipStain + TTA s2,85,1,0.8703703698710562,56,52
ChipStain + TTA s2,86,10,0.852713177794844,66,63
ChipStain + TTA s2,87,50,0.7931034477764565,90,84
ChipStain + TTA s2,88,100,0.5836575870495542,123,134
ChipStain + TTA s2,89,150,0.5271739125434782,184,184
ChipStain + TTA s2,90,1,0.7603305780127042,62,59
ChipStain + TTA s2,91,10,0.827067668673639,69,64
ChipStain + TTA s2,92,50,0.7560975604756841,83,81
ChipStain + TTA s2,93,100,0.7148288968385837,134,129
ChipStain + TTA s2,94,150,0.6387434549990406,202,180
ChipStain + TTA s2,95,1,0.9147286816712937,67,62
ChipStain + TTA s2,96,10,0.805755395183479,70,69
ChipStain + TTA s2,97,50,0.8638497647584915,109,104
ChipStain + TTA s2,98,100,0.7643312096920767,164,150
ChipStain + TTA s2,99,150,0.6205250591662157,215,204
ChipStain + TTA s2,100,1,0.7524752470271541,47,54
ChipStain + TTA s2,101,10,0.8067226885773603,63,56
ChipStain + TTA s2,102,50,0.7619047614049701,75,72
ChipStain + TTA s2,103,100,0.6694915249250215,124,112
ChipStain + TTA s2,104,150,0.6287425144712072,175,159
ChipStain + TTA s2,105,1,0.8865979376456583,51,46
ChipStain + TTA s2,106,10,0.8545454540456199,56,54
ChipStain + TTA s2,107,50,0.7870967736945682,81,74
ChipStain + TTA s2,108,100,0.633928570928731,114,110
ChipStain + TTA s2,109,150,0.6594202893550987,139,137
ChipStain + TTA s2,110,1,0.2608695647410208,18,28
ChipStain + TTA s2,111,10,0.5573770486815371,29,32
ChipStain + TTA s2,112,50,0.6117647053829758,44,41
ChipStain + TTA s2,113,100,0.5547445250534392,76,61
ChipStain + TTA s2,114,150,0.5913978489624234,92,94
ChipStain + TTA s2,115,1,0.8175182476758485,71,66
ChipStain + TTA s2,116,10,0.777777777280189,77,67
ChipStain + TTA s2,117,50,0.6813186808201906,96,86
ChipStain + TTA s2,118,100,0.6521739125444234,144,132
ChipStain + TTA s2,119,150,0.5802816896419917,186,169
ChipStain + TTA s2,120,1,0.7739130429786011,118,112
ChipStain + TTA s2,121,10,0.8455284547848502,126,120
ChipStain + TTA s2,122,50,0.8238805965152862,172,163
ChipStain + TTA s2,123,100,0.7479674791757965,257,235
ChipStain + TTA s2,124,150,0.6750348670036511,365,352
