well,field,timepoint,seg_f1,seg_precision,seg_recall,n_pred,n_ref
R05-C03,0,1,0.8947368416060423,0.9315068493150684,0.8607594936708861,73,79
R05-C03,0,10,0.8987341767159108,0.9342105263157895,0.8658536585365854,76,82
R05-C03,0,50,0.81999999950005,0.8282828282828283,0.8118811881188119,99,101
R05-C03,0,100,0.848275861571843,0.917910447761194,0.7884615384615384,134,156
R05-C03,0,150,0.8186046506646185,0.8712871287128713,0.7719298245614035,202,228
R05-C03,1,1,0.8571428566430248,0.8731343283582089,0.841726618705036,134,139
R05-C03,1,10,0.8745762706864924,0.8657718120805369,0.8835616438356164,149,146
R05-C03,1,50,0.8686868681868813,0.8730964467005076,0.864321608040201,197,199
R05-C03,1,100,0.8295081962217469,0.8547297297297297,0.8057324840764332,296,314
R05-C03,1,150,0.8226779247122042,0.8632911392405064,0.7857142857142857,395,434
R05-C03,10,1,0.8943089425894639,0.9016393442622951,0.8870967741935484,183,186
R05-C03,10,10,0.928934009652297,0.9242424242424242,0.9336734693877551,198,196
R05-C03,10,50,0.8697318002663129,0.8764478764478765,0.8631178707224335,259,263
R05-C03,10,100,0.8236808231808643,0.8311688311688312,0.8163265306122449,385,392
R05-C03,10,150,0.8095693774908708,0.834319526627219,0.7862453531598513,507,538
R05-C03,11,1,0.9261744961443178,0.92,0.9324324324324325,150,148
R05-C03,11,10,0.9134328353209357,0.9053254437869822,0.9216867469879518,169,166
R05-C03,11,50,0.8912579952356099,0.8931623931623932,0.8893617021276595,234,235
R05-C03,11,100,0.83768115892063,0.8601190476190477,0.8163841807909604,336,354
R05-C03,11,150,0.7584650107867734,0.7688787185354691,0.7483296213808464,437,449
R05-C03,12,1,0.9245283013869704,0.9423076923076923,0.9074074074074074,104,108
R05-C03,12,10,0.9128630700394276,0.9090909090909091,0.9166666666666666,121,120
R05-C03,12,50,0.8770764114601385,0.8741721854304636,0.88,151,150
R05-C03,12,100,0.8558951960065883,0.8484848484848485,0.8634361233480177,231,227
R05-C03,12,150,0.8235294112653491,0.8541666666666666,0.7950138504155124,336,361
R05-C03,13,1,0.8823529406782006,0.8333333333333334,0.9375,36,32
R05-C03,13,10,0.8333333328348764,0.7894736842105263,0.8823529411764706,38,34
R05-C03,13,50,0.8495575216270655,0.7868852459016393,0.9230769230769231,61,52
R05-C03,13,100,0.8313253007066336,0.7840909090909091,0.8846153846153846,88,78
R05-C03,13,150,0.8068669522897087,0.8103448275862069,0.8034188034188035,116,117
R05-C03,14,1,0.8253968248999748,0.7647058823529411,0.896551724137931,34,29
R05-C03,14,10,0.8405797096458727,0.8055555555555556,0.8787878787878788,36,33
R05-C03,14,50,0.7446808505694886,0.6730769230769231,0.8333333333333334,52,42
R05-C03,14,100,0.6060606055616391,0.5797101449275363,0.6349206349206349,69,63
R05-C03,14,150,0.7459459454471293,0.711340206185567,0.7840909090909091,97,88
R05-C03,15,1,0.7999999995022221,0.8571428571428571,0.75,42,48
R05-C03,15,10,0.8539325837727559,0.926829268292683,0.7916666666666666,41,48
R05-C03,15,50,0.7142857137858737,0.7272727272727273,0.7017543859649122,55,57
R05-C03,15,100,0.7295597479281672,0.7532467532467533,0.7073170731707317,77,82
R05-C03,15,150,0.6893617016283928,0.7168141592920354,0.6639344262295082,113,122
R05-C03,16,1,0.863636363138688,0.926829268292683,0.8085106382978723,41,47
R05-C03,16,10,0.8988764039944449,0.9090909090909091,0.8888888888888888,44,45
R05-C03,16,50,0.8593749995,0.859375,0.859375,64,64
R05-C03,16,100,0.7675675670682833,0.797752808988764,0.7395833333333334,89,96
R05-C03,16,150,0.7259259254269136,0.7596899224806202,0.6950354609929078,129,141
R05-C03,17,1,0.7936507931519275,0.8333333333333334,0.7575757575757576,30,33
R05-C03,17,10,0.8124999995043946,0.896551724137931,0.7428571428571429,29,35
R05-C03,17,50,0.6571428566432653,0.6764705882352942,0.6388888888888888,34,36
R05-C03,17,100,0.7387387382407271,0.7884615384615384,0.6949152542372882,52,59
R05-C03,17,150,0.70238095188159,0.7283950617283951,0.6781609195402298,81,87
R05-C03,18,1,0.8902439019396935,0.9240506329113924,0.8588235294117647,79,85
R05-C03,18,10,0.8522727267737603,0.8928571428571429,0.8152173913043478,84,92
R05-C03,18,50,0.8971962611822866,0.9056603773584906,0.8888888888888888,106,108
R05-C03,18,100,0.8528528523530737,0.8711656441717791,0.8352941176470589,163,170
R05-C03,18,150,0.8402625815568951,0.8421052631578947,0.8384279475982532,228,229
R05-C03,19,1,0.8944723613093608,0.8725490196078431,0.9175257731958762,102,97
R05-C03,19,10,0.9454545449545454,0.9454545454545454,0.9454545454545454,110,110
R05-C03,19,50,0.8517350152729951,0.8385093167701864,0.8653846153846154,161,156
R05-C03,19,100,0.8133333328333333,0.8133333333333334,0.8133333333333334,225,225
R05-C03,19,150,0.7726550074499154,0.804635761589404,0.7431192660550459,302,327
R05-C03,2,1,0.7878787873788062,0.7926829268292683,0.7831325301204819,82,83
R05-C03,2,10,0.848837208802596,0.8690476190476191,0.8295454545454546,84,88
R05-C03,2,50,0.849315067993161,0.8532110091743119,0.8454545454545455,109,110
R05-C03,2,100,0.8139534878729211,0.8484848484848485,0.7821229050279329,165,179
R05-C03,2,150,0.8152610436775133,0.8493723849372385,0.7837837837837838,239,259
R05-C03,20,1,0.9380530968454851,0.9636363636363636,0.9137931034482759,110,116
R05-C03,20,10,0.8991596633656874,0.9145299145299145,0.8842975206611571,117,121
R05-C03,20,50,0.8953488367093699,0.8850574712643678,0.9058823529411765,174,170
R05-C03,20,100,0.8364389228957045,0.8559322033898306,0.8178137651821862,236,247
R05-C03,20,150,0.7562776952173133,0.7901234567901234,0.7252124645892352,324,353
R05-C03,21,1,0.7733333328334222,0.7837837837837838,0.7631578947368421,37,38
R05-C03,21,10,0.7764705877353634,0.7857142857142857,0.7674418604651163,42,43
R05-C03,21,50,0.8305084740764148,0.8166666666666667,0.8448275862068966,60,58
R05-C03,21,100,0.7485380111987963,0.810126582278481,0.6956521739130435,79,92
R05-C03,21,150,0.7956204374607064,0.8790322580645161,0.7266666666666667,124,150
R05-C03,22,1,0.9230769225779881,0.967741935483871,0.8823529411764706,31,34
R05-C03,22,10,0.8235294112685987,0.9032258064516129,0.7567567567567568,31,37
R05-C03,22,50,0.8842105258171744,0.9333333333333333,0.84,45,50
R05-C03,22,100,0.8050314460424824,0.8533333333333334,0.7619047619047619,75,84
R05-C03,22,150,0.7894736837114882,0.8256880733944955,0.7563025210084033,109,119
R05-C03,23,1,0.8955223875651592,1.0,0.8108108108108109,30,37
R05-C03,23,10,0.8405797096458727,0.8787878787878788,0.8055555555555556,33,36
R05-C03,23,50,0.8095238090263606,0.8717948717948718,0.7555555555555555,39,45
R05-C03,23,100,0.862068965018579,0.819672131147541,0.9090909090909091,61,55
R05-C03,23,150,0.7346938770510434,0.7297297297297297,0.7397260273972602,74,73
R05-C03,24,1,0.9333333328333786,0.9245283018867925,0.9423076923076923,53,52
R05-C03,24,10,0.9344262290087342,0.9661016949152542,0.9047619047619048,59,63
R05-C03,24,50,0.8588235289118339,0.8488372093023255,0.8690476190476191,86,84
R05-C03,24,100,0.8142292485136153,0.865546218487395,0.7686567164179104,119,134
R05-C03,24,150,0.8081395343861546,0.86875,0.7554347826086957,160,184
R05-C03,3,1,0.8333333328334721,0.819672131147541,0.847457627118644,61,59
R05-C03,3,10,0.8749999995,0.875,0.875,64,64
R05-C03,3,50,0.7924528296888571,0.8076923076923077,0.7777777777777778,78,81
R05-C03,3,100,0.879032257565329,0.9159663865546218,0.8449612403100775,119,129
R05-C03,3,150,0.7955801099972527,0.7912087912087912,0.8,182,180
R05-C03,4,1,0.9374999995004882,0.9090909090909091,0.967741935483871,66,62
R05-C03,4,10,0.8652482264505809,0.8472222222222222,0.8840579710144928,72,69
R05-C03,4,50,0.8773584900662158,0.8611111111111112,0.8942307692307693,108,104
R05-C03,4,100,0.8881578942369286,0.8766233766233766,0.9,154,150
R05-C03,4,150,0.7917737784215014,0.8324324324324325,0.7549019607843137,185,204
R05-C03,5,1,0.8316831678192333,0.8936170212765957,0.7777777777777778,47,54
R05-C03,5,10,0.8598130836132413,0.9019607843137255,0.8214285714285714,51,56
R05-C03,5,50,0.8358208950251725,0.9032258064516129,0.7777777777777778,62,72
R05-C03,5,100,0.8035714280714286,0.8035714285714286,0.8035714285714286,112,112
R05-C03,5,150,0.7898089166975334,0.8,0.779874213836478,155,159
R05-C03,6,1,0.9263157889741829,0.8979591836734694,0.9565217391304348,49,46
R05-C03,6,10,0.872727272227438,0.8571428571428571,0.8888888888888888,56,54
R05-C03,6,50,0.8783783778783784,0.8783783783783784,0.8783783783783784,74,74
R05-C03,6,100,0.7407407402409122,0.7547169811320755,0.7272727272727273,106,110
R05-C03,6,150,0.8205128200128271,0.8235294117647058,0.8175182481751825,136,137
R05-C03,7,1,0.7999999995001652,0.8148148148148148,0.7857142857142857,27,28
R05-C03,7,10,0.7647058818546713,0.7222222222222222,0.8125,36,32
R05-C03,7,50,0.7586206891568239,0.717391304347826,0.8048780487804879,46,41
R05-C03,7,100,0.6379310339840962,0.6727272727272727,0.6065573770491803,55,61
R05-C03,7,150,0.7752808983779825,0.8214285714285714,0.7340425531914894,84,94
R05-C03,8,1,0.8702290071336168,0.8769230769230769,0.8636363636363636,65,66
R05-C03,8,10,0.8142857137866326,0.7808219178082192,0.8507462686567164,73,67
R05-C03,8,50,0.7771428566430041,0.7640449438202247,0.7906976744186046,89,86
R05-C03,8,100,0.7596899219808905,0.7777777777777778,0.7424242424242424,126,132
R05-C03,8,150,0.768292682427294,0.7924528301886793,0.7455621301775148,159,169
R05-C03,9,1,0.872727272227438,0.8888888888888888,0.8571428571428571,108,112
R05-C03,9,10,0.9059829054832347,0.9298245614035088,0.8833333333333333,114,120
R05-C03,9,50,0.8909657315873487,0.9050632911392406,0.8773006134969326,158,163
R05-C03,9,100,0.8565400838882212,0.8493723849372385,0.8638297872340426,239,235
R05-C03,9,150,0.8513708508709773,0.8651026392961877,0.8380681818181818,341,352
