image,field,timepoint,condition,f1,n_pred,n_ref
0,0,10,clean,0.8987341767159108,76,82
0,0,10,blur=1,0.41509433927233885,24,82
0,0,10,blur=2,0.0,0,82
0,0,10,blur=4,0.0,0,82
0,0,10,noise=0.05,0.6796116500062211,124,82
0,0,10,noise=0.1,0.394984325636855,237,82
0,0,10,noise=0.2,0.26446280956762214,281,82
0,0,10,modality: DPC,0.0,0,82
1,0,100,clean,0.848275861571843,134,156
1,0,100,blur=1,0.22346368692687493,23,156
1,0,100,blur=2,0.0,0,156
1,0,100,blur=4,0.0,0,156
1,0,100,noise=0.05,0.6685714280773223,194,156
1,0,100,noise=0.1,0.4455445539813744,248,156
1,0,100,noise=0.2,0.26634382519576244,257,156
1,0,100,modality: DPC,0.0,0,156
2,1,10,clean,0.8745762706864924,149,146
2,1,10,blur=1,0.6008968605344165,77,146
2,1,10,blur=2,0.0,0,146
2,1,10,blur=4,0.0,0,146
2,1,10,noise=0.05,0.8064516124049115,164,146
2,1,10,noise=0.1,0.5463182893331677,275,146
2,1,10,noise=0.2,0.35374149615571704,295,146
2,1,10,modality: DPC,0.0,0,146
3,1,100,clean,0.8295081962217469,296,314
3,1,100,blur=1,0.4654377876183397,120,314
3,1,100,blur=2,0.0,0,314
3,1,100,blur=4,0.0,0,314
3,1,100,noise=0.05,0.7614379079970737,298,314
3,1,100,noise=0.1,0.5410334341514952,344,314
3,1,100,noise=0.2,0.22611464918152865,314,314
3,1,100,modality: DPC,0.0,0,314
4,10,10,clean,0.928934009652297,198,196
4,10,10,blur=1,0.6329966325477898,101,196
4,10,10,blur=2,0.0,0,196
4,10,10,blur=4,0.0,0,196
4,10,10,noise=0.05,0.8944723613091589,202,196
4,10,10,noise=0.1,0.5847953211652436,317,196
4,10,10,noise=0.2,0.3877159304327643,325,196
4,10,10,modality: DPC,0.0,0,196
5,10,100,clean,0.8236808231808643,385,392
5,10,100,blur=1,0.5768566489581882,187,392
5,10,100,blur=2,0.0,0,392
5,10,100,blur=4,0.0,0,392
5,10,100,noise=0.05,0.7847769023875557,370,392
5,10,100,noise=0.1,0.6024423332876508,345,392
5,10,100,noise=0.2,0.28851540566727085,322,392
5,10,100,modality: DPC,0.0,0,392
6,11,10,clean,0.9134328353209357,169,166
6,11,10,blur=1,0.6412213735814928,96,166
6,11,10,blur=2,0.0,0,166
6,11,10,blur=4,0.0,0,166
6,11,10,noise=0.05,0.8835820890522789,169,166
6,11,10,noise=0.1,0.5747126432061936,269,166
6,11,10,noise=0.2,0.35196687325487275,317,166
6,11,10,modality: DPC,0.0,0,166
7,11,100,clean,0.83768115892063,336,354
7,11,100,blur=1,0.29439252307847846,74,354
7,11,100,blur=2,0.0,0,354
7,11,100,blur=4,0.0,0,354
7,11,100,noise=0.05,0.7784256554771906,332,354
7,11,100,noise=0.1,0.5690607729809071,370,354
7,11,100,noise=0.2,0.3342618379402085,364,354
7,11,100,modality: DPC,0.0,0,354
8,12,10,clean,0.9128630700394276,121,120
8,12,10,blur=1,0.46540880466120804,39,120
8,12,10,blur=2,0.0,0,120
8,12,10,blur=4,0.0,0,120
8,12,10,noise=0.05,0.7622377617506967,166,120
8,12,10,noise=0.1,0.5546666662314667,255,120
8,12,10,noise=0.2,0.3937360175043166,327,120
8,12,10,modality: DPC,0.0,0,120
9,12,100,clean,0.8558951960065883,231,227
9,12,100,blur=1,0.3724137927633531,63,227
9,12,100,blur=2,0.0,0,227
9,12,100,blur=4,0.0,0,227
9,12,100,noise=0.05,0.7983014857002266,244,227
9,12,100,noise=0.1,0.5760869560374986,325,227
9,12,100,noise=0.2,0.29323308221751515,305,227
9,12,100,modality: DPC,0.0,0,227
10,13,10,clean,0.8333333328348764,38,34
10,13,10,blur=1,0.44444444407506173,11,34
10,13,10,blur=2,0.0,0,34
10,13,10,blur=4,0.0,0,34
10,13,10,noise=0.05,0.4769230765368047,96,34
10,13,10,noise=0.1,0.23966942124608973,208,34
10,13,10,noise=0.2,0.14925373112174203,234,34
10,13,10,modality: DPC,0.0,0,34
11,13,100,clean,0.8313253007066336,88,78
11,13,100,blur=1,0.27368421023246536,17,78
11,13,100,blur=2,0.0,0,78
11,13,100,blur=4,0.0,0,78
11,13,100,noise=0.05,0.6071428566889349,146,78
11,13,100,noise=0.1,0.38187702227630627,231,78
11,13,100,noise=0.2,0.20571428536790207,272,78
11,13,100,modality: DPC,0.0,0,78
12,14,10,clean,0.8405797096458727,36,33
12,14,10,blur=1,0.16216216196932065,4,33
12,14,10,blur=2,0.0,0,33
12,14,10,blur=4,0.0,0,33
12,14,10,noise=0.05,0.5833333328821615,63,33
12,14,10,noise=0.1,0.23762376210288205,169,33
12,14,10,noise=0.2,0.16260162578395795,213,33
12,14,10,modality: DPC,0.0,0,33
13,14,100,clean,0.6060606055616391,69,63
13,14,100,blur=1,0.11764705868728373,5,63
13,14,100,blur=2,0.0,0,63
13,14,100,blur=4,0.0,0,63
13,14,100,noise=0.05,0.4539877295871128,100,63
13,14,100,noise=0.1,0.17490494260145442,200,63
13,14,100,noise=0.2,0.06734006700581574,234,63
13,14,100,modality: DPC,0.0,0,63
14,15,10,clean,0.8539325837727559,41,48
14,15,10,blur=1,0.2545454543233058,7,48
14,15,10,blur=2,0.0,0,48
14,15,10,blur=4,0.0,0,48
14,15,10,noise=0.05,0.5891472863544257,81,48
14,15,10,noise=0.1,0.25196850363047923,206,48
14,15,10,noise=0.2,0.17100371717892235,221,48
14,15,10,modality: DPC,0.0,0,48
15,15,100,clean,0.7295597479281672,77,82
15,15,100,blur=1,0.09090909078202479,6,82
15,15,100,blur=2,0.0,0,82
15,15,100,blur=4,0.0,0,82
15,15,100,noise=0.05,0.5799999995162,118,82
15,15,100,noise=0.1,0.2724014332767051,197,82
15,15,100,noise=0.2,0.12539184914782675,237,82
15,15,100,modality: DPC,0.0,0,82
16,16,10,clean,0.8988764039944449,44,45
16,16,10,blur=1,0.39285714254145404,11,45
16,16,10,blur=2,0.0,0,45
16,16,10,blur=4,0.0,0,45
16,16,10,noise=0.05,0.6666666661979167,75,45
16,16,10,noise=0.1,0.32618025719906424,188,45
16,16,10,noise=0.2,0.2027027024448731,251,45
16,16,10,modality: DPC,0.0,0,45
17,16,100,clean,0.7675675670682833,89,96
17,16,100,blur=1,0.16513761446881575,13,96
17,16,100,blur=2,0.0,0,96
17,16,100,blur=4,0.0,0,96
17,16,100,noise=0.05,0.6046511622964196,119,96
17,16,100,noise=0.1,0.32258064470990866,183,96
17,16,100,noise=0.2,0.1523809519571882,219,96
17,16,100,modality: DPC,0.0,0,96
18,17,10,clean,0.8124999995043946,29,35
18,17,10,blur=1,0.10810810800584367,2,35
18,17,10,blur=2,0.0,0,35
18,17,10,blur=4,0.0,0,35
18,17,10,noise=0.05,0.3687943258679141,106,35
18,17,10,noise=0.1,0.22222222195950617,190,35
18,17,10,noise=0.2,0.13899613876239172,224,35
18,17,10,modality: DPC,0.0,0,35
19,17,100,clean,0.7387387382407271,52,59
19,17,100,blur=1,0.09374999985595704,5,59
19,17,100,blur=2,0.0,0,59
19,17,100,blur=4,0.0,0,59
19,17,100,noise=0.05,0.43678160874719246,115,59
19,17,100,noise=0.1,0.16964285675482302,165,59
19,17,100,noise=0.2,0.04428044246380088,212,59
19,17,100,modality: DPC,0.0,0,59
20,18,10,clean,0.8522727267737603,84,92
20,18,10,blur=1,0.4920634916694381,34,92
20,18,10,blur=2,0.0,0,92
20,18,10,blur=4,0.0,0,92
20,18,10,noise=0.05,0.6431718056853422,135,92
20,18,10,noise=0.1,0.38297872300137653,237,92
20,18,10,noise=0.2,0.2888283374989791,275,92
20,18,10,modality: DPC,0.0,0,92
21,18,100,clean,0.8528528523530737,163,170
21,18,100,blur=1,0.3365384612398299,38,170
21,18,100,blur=2,0.0,0,170
21,18,100,blur=4,0.0,0,170
21,18,100,noise=0.05,0.7740112989358101,184,170
21,18,100,noise=0.1,0.5462753945608895,273,170
21,18,100,noise=0.2,0.3219954643788339,271,170
21,18,100,modality: DPC,0.0,0,170
22,19,10,clean,0.9454545449545454,110,110
22,19,10,blur=1,0.69822485161654,59,110
22,19,10,blur=2,0.0,0,110
22,19,10,blur=4,0.0,0,110
22,19,10,noise=0.05,0.7680608360152669,153,110
22,19,10,noise=0.1,0.5054347821895675,258,110
22,19,10,noise=0.2,0.3213429252710638,307,110
22,19,10,modality: DPC,0.0,0,110
23,19,100,clean,0.8133333328333333,225,225
23,19,100,blur=1,0.45695364200418837,77,225
23,19,100,blur=2,0.0,0,225
23,19,100,blur=4,0.0,0,225
23,19,100,noise=0.05,0.765100670640962,222,225
23,19,100,noise=0.1,0.5010183294423866,266,225
23,19,100,noise=0.2,0.2624254468216546,278,225
23,19,100,modality: DPC,0.0,0,225
24,2,10,clean,0.848837208802596,84,88
24,2,10,blur=1,0.47933884257851234,33,88
24,2,10,blur=2,0.0,0,88
24,2,10,blur=4,0.0,0,88
24,2,10,noise=0.05,0.5959183668865972,157,88
24,2,10,noise=0.1,0.3684210522493759,254,88
24,2,10,noise=0.2,0.2680965143847796,285,88
24,2,10,modality: DPC,0.0,0,88
25,2,100,clean,0.8139534878729211,165,179
25,2,100,blur=1,0.4938271601058104,64,179
25,2,100,blur=2,0.0,0,179
25,2,100,blur=4,0.0,0,179
25,2,100,noise=0.05,0.6684636113604522,192,179
25,2,100,noise=0.1,0.45986984768114214,282,179
25,2,100,noise=0.2,0.25548902149682273,322,179
25,2,100,modality: DPC,0.0,0,179
26,20,10,clean,0.8991596633656874,117,121
26,20,10,blur=1,0.6417112294897767,66,121
26,20,10,blur=2,0.0,0,121
26,20,10,blur=4,0.0,0,121
26,20,10,noise=0.05,0.8449612398120004,137,121
26,20,10,noise=0.1,0.5058139530323317,223,121
26,20,10,noise=0.2,0.2923076918796975,269,121
26,20,10,modality: DPC,0.0,0,121
27,20,100,clean,0.8364389228957045,236,247
27,20,100,blur=1,0.4823529407790485,93,247
27,20,100,blur=2,0.0,0,247
27,20,100,blur=4,0.0,0,247
27,20,100,noise=0.05,0.7747368416060632,228,247
27,20,100,noise=0.1,0.5508317924797441,294,247
27,20,100,noise=0.2,0.2365988904464724,294,247
27,20,100,modality: DPC,0.0,0,247
28,21,10,clean,0.7764705877353634,42,43
28,21,10,blur=1,0.37735849025987894,10,43
28,21,10,blur=2,0.0,0,43
28,21,10,blur=4,0.0,0,43
28,21,10,noise=0.05,0.5039370074261268,84,43
28,21,10,noise=0.1,0.23414634113189767,162,43
28,21,10,noise=0.2,0.14232209710805313,224,43
28,21,10,modality: DPC,0.0,0,43
29,21,100,clean,0.7485380111987963,79,92
29,21,100,blur=1,0.23853210982846562,17,92
29,21,100,blur=2,0.0,0,92
29,21,100,blur=4,0.0,0,92
29,21,100,noise=0.05,0.5420560742761813,122,92
29,21,100,noise=0.1,0.31515151474938474,238,92
29,21,100,noise=0.2,0.17441860425932934,252,92
29,21,100,modality: DPC,0.0,0,92
30,22,10,clean,0.8235294112685987,31,37
30,22,10,blur=1,0.34782608664177694,9,37
30,22,10,blur=2,0.0,0,37
30,22,10,blur=4,0.0,0,37
30,22,10,noise=0.05,0.491228069736996,77,37
30,22,10,noise=0.1,0.2202643169077607,190,37
30,22,10,noise=0.2,0.1453287194999102,252,37
30,22,10,modality: DPC,0.0,0,37
31,22,100,clean,0.8050314460424824,75,84
31,22,100,blur=1,0.11235955045575052,5,84
31,22,100,blur=2,0.0,0,84
31,22,100,blur=4,0.0,0,84
31,22,100,noise=0.05,0.5899999995127999,116,84
31,22,100,noise=0.1,0.29999999956260354,176,84
31,22,100,noise=0.2,0.12454212411608902,189,84
31,22,100,modality: DPC,0.0,0,84
32,23,10,clean,0.8405797096458727,33,36
32,23,10,blur=1,0.19512195100535396,5,36
32,23,10,blur=2,0.0,0,36
32,23,10,blur=4,0.0,0,36
32,23,10,noise=0.05,0.49523809478748293,69,36
32,23,10,noise=0.1,0.22123893778526119,190,36
32,23,10,noise=0.2,0.07857142834734694,244,36
32,23,10,modality: DPC,0.0,0,36
33,23,100,clean,0.862068965018579,61,55
33,23,100,blur=1,0.193548386896462,7,55
33,23,100,blur=2,0.0,0,55
33,23,100,blur=4,0.0,0,55
33,23,100,noise=0.05,0.5644171774669727,108,55
33,23,100,noise=0.1,0.2764227638804614,191,55
33,23,100,noise=0.2,0.11501597415121108,258,55
33,23,100,modality: DPC,0.0,0,55
34,24,10,clean,0.9344262290087342,59,63
34,24,10,blur=1,0.37499999966531244,17,63
34,24,10,blur=2,0.0,0,63
34,24,10,blur=4,0.0,0,63
34,24,10,noise=0.05,0.8088235289144681,73,63
34,24,10,noise=0.1,0.3940520442509639,206,63
34,24,10,noise=0.2,0.27009646269943444,248,63
34,24,10,modality: DPC,0.0,0,63
35,24,100,clean,0.8142292485136153,119,134
35,24,100,blur=1,0.18543046337634314,17,134
35,24,100,blur=2,0.0,0,134
35,24,100,blur=4,0.0,0,134
35,24,100,noise=0.05,0.7349823316568818,149,134
35,24,100,noise=0.1,0.37696335032987044,248,134
35,24,100,noise=0.2,0.14669926606309142,275,134
35,24,100,modality: DPC,0.0,0,134
36,3,10,clean,0.8749999995,64,64
36,3,10,blur=1,0.42857142820861677,20,64
36,3,10,blur=2,0.0,0,64
36,3,10,blur=4,0.0,0,64
36,3,10,noise=0.05,0.5955056175169802,114,64
36,3,10,noise=0.1,0.36153846116733723,196,64
36,3,10,noise=0.2,0.2422145325271489,225,64
36,3,10,modality: DPC,0.0,0,64
37,3,100,clean,0.879032257565329,119,129
37,3,100,blur=1,0.3417721515990226,29,129
37,3,100,blur=2,0.0,0,129
37,3,100,blur=4,0.0,0,129
37,3,100,noise=0.05,0.7038327521183454,158,129
37,3,100,noise=0.1,0.43085106337903184,247,129
37,3,100,noise=0.2,0.26024096342698216,286,129
37,3,100,modality: DPC,0.0,0,129
38,4,10,clean,0.8652482264505809,72,69
38,4,10,blur=1,0.5154639171151025,28,69
38,4,10,blur=2,0.0,0,69
38,4,10,blur=4,0.0,0,69
38,4,10,noise=0.05,0.631016042315079,118,69
38,4,10,noise=0.1,0.3537906133443157,208,69
38,4,10,noise=0.2,0.23749999966173832,251,69
38,4,10,modality: DPC,0.0,0,69
39,4,100,clean,0.8881578942369286,154,150
39,4,100,blur=1,0.4062499996582031,42,150
39,4,100,blur=2,0.0,0,150
39,4,100,blur=4,0.0,0,150
39,4,100,noise=0.05,0.7522935774850602,177,150
39,4,100,noise=0.1,0.4740406316062757,293,150
39,4,100,noise=0.2,0.2764976954001996,284,150
39,4,100,modality: DPC,0.0,0,150
40,5,10,clean,0.8598130836132413,51,56
40,5,10,blur=1,0.5263157890858725,20,56
40,5,10,blur=2,0.0,0,56
40,5,10,blur=4,0.0,0,56
40,5,10,noise=0.05,0.5058823524993772,114,56
40,5,10,noise=0.1,0.3132530116995532,193,56
40,5,10,noise=0.2,0.2115384612439185,256,56
40,5,10,modality: DPC,0.0,0,56
41,5,100,clean,0.8035714280714286,112,112
41,5,100,blur=1,0.40789473645429364,40,112
41,5,100,blur=2,0.0,0,112
41,5,100,blur=4,0.0,0,112
41,5,100,noise=0.05,0.6431372544093502,143,112
41,5,100,noise=0.1,0.3823529407346713,228,112
41,5,100,noise=0.2,0.21264367772440215,236,112
41,5,100,modality: DPC,0.0,0,112
42,6,10,clean,0.872727272227438,56,54
42,6,10,blur=1,0.2580645159042664,8,54
42,6,10,blur=2,0.0,0,54
42,6,10,blur=4,0.0,0,54
42,6,10,noise=0.05,0.6709677414814569,101,54
42,6,10,noise=0.1,0.26153846120934915,206,54
42,6,10,noise=0.2,0.17891373773365046,259,54
42,6,10,modality: DPC,0.0,0,54
43,6,100,clean,0.7407407402409122,106,110
43,6,100,blur=1,0.32592592562414263,25,110
43,6,100,blur=2,0.0,0,110
43,6,100,blur=4,0.0,0,110
43,6,100,noise=0.05,0.6297872335445902,125,110
43,6,100,noise=0.1,0.35882352897404846,230,110
43,6,100,noise=0.2,0.19886363593394882,242,110
43,6,100,modality: DPC,0.0,0,110
44,7,10,clean,0.7647058818546713,36,32
44,7,10,blur=1,0.39999999968,8,32
44,7,10,blur=2,0.0,0,32
44,7,10,blur=4,0.0,0,32
44,7,10,noise=0.05,0.3312101907582457,125,32
44,7,10,noise=0.1,0.24154589345842378,175,32
44,7,10,noise=0.2,0.13740457993823205,230,32
44,7,10,modality: DPC,0.0,0,32
45,7,100,clean,0.6379310339840962,55,61
45,7,100,blur=1,0.15151515137511476,5,61
45,7,100,blur=2,0.0,0,61
45,7,100,blur=4,0.0,0,61
45,7,100,noise=0.05,0.34693877508147647,135,61
45,7,100,noise=0.1,0.18587360559726926,208,61
45,7,100,noise=0.2,0.1079365076242076,254,61
45,7,100,modality: DPC,0.0,0,61
46,8,10,clean,0.8142857137866326,73,67
46,8,10,blur=1,0.313253011736972,16,67
46,8,10,blur=2,0.0,0,67
46,8,10,blur=4,0.0,0,67
46,8,10,noise=0.05,0.5895953752479535,106,67
46,8,10,noise=0.1,0.304832713380578,202,67
46,8,10,noise=0.2,0.2031746028396876,248,67
46,8,10,modality: DPC,0.0,0,67
47,8,100,clean,0.7596899219808905,126,132
47,8,100,blur=1,0.3473053888902435,35,132
47,8,100,blur=2,0.0,0,132
47,8,100,blur=4,0.0,0,132
47,8,100,noise=0.05,0.6099290775162215,150,132
47,8,100,noise=0.1,0.3106267025366585,235,132
47,8,100,noise=0.2,0.16062176120797872,254,132
47,8,100,modality: DPC,0.0,0,132
48,9,10,clean,0.9059829054832347,114,120
48,9,10,blur=1,0.7422680407652248,74,120
48,9,10,blur=2,0.0,0,120
48,9,10,blur=4,0.0,0,120
48,9,10,noise=0.05,0.7669172927378596,146,120
48,9,10,noise=0.1,0.550964186885231,243,120
48,9,10,noise=0.2,0.38423645278555657,286,120
48,9,10,modality: DPC,0.0,0,120
49,9,100,clean,0.8565400838882212,239,235
49,9,100,blur=1,0.6914893612333777,141,235
49,9,100,blur=2,0.0,0,235
49,9,100,blur=4,0.0,0,235
49,9,100,noise=0.05,0.8126315784474238,240,235
49,9,100,noise=0.1,0.5703703698787722,305,235
49,9,100,noise=0.2,0.3211678827218086,313,235
49,9,100,modality: DPC,0.0,0,235
