seed,condition,flag_focus,flag_features,flag_either,flag_focus_or_sigma
0,blur σ=1 px,1.0,1.0,1.0,1.0
0,blur σ=2 px,1.0,1.0,1.0,1.0
0,blur σ=4 px,1.0,1.0,1.0,1.0
0,clean,0.16,0.0,0.16,0.16
0,modality: DPC,1.0,1.0,1.0,1.0
0,noise 10 %,0.32,0.0,0.32,0.94
0,noise 20 %,1.0,0.0,1.0,1.0
1,blur σ=1 px,1.0,1.0,1.0,1.0
1,blur σ=2 px,1.0,1.0,1.0,1.0
1,blur σ=4 px,1.0,1.0,1.0,1.0
1,clean,0.16,0.04,0.2,0.2
1,modality: DPC,1.0,1.0,1.0,1.0
1,noise 10 %,0.32,1.0,1.0,1.0
1,noise 20 %,1.0,1.0,1.0,1.0
2,blur σ=1 px,1.0,1.0,1.0,1.0
2,blur σ=2 px,1.0,1.0,1.0,1.0
2,blur σ=4 px,1.0,1.0,1.0,1.0
2,clean,0.16,0.22,0.34,0.16
2,modality: DPC,1.0,1.0,1.0,1.0
2,noise 10 %,0.32,1.0,1.0,1.0
2,noise 20 %,1.0,1.0,1.0,1.0
