cfg,seed,pearson,ssim,psnr,mae,seg_f1,spearman_unc_err,ause,mean_sigma,img_rho_sigma_mae
baseline_unet,0,0.765689878253283,0.8297457570708625,24.31512044710573,0.029616477011449427,0.6930782798898659,,,,
baseline_unet,1,0.7637920439076487,0.8249248312080861,24.25103963724274,0.030505746006765866,0.7055552402700483,,,,
baseline_unet,2,0.7177767773613476,0.8238782469623137,23.873869312532623,0.02943848038635576,0.5450171030085809,,,,
baseline_unet+tta,0,0.7796380394731155,0.8339807307609672,24.539861161978664,0.02923997869594208,0.7096976680532573,0.31462568172402583,0.24448368278767604,0.00608559232670809,0.902943164362519
baseline_unet+tta,1,0.7766068439491156,0.8295529587592722,24.464464105656255,0.030077710416614074,0.7165142593572698,0.20150985992708437,0.287464119633536,0.00665858272276814,0.8746543778801842
baseline_unet+tta,2,0.7368899508164181,0.8293651428695475,24.08001176139605,0.028886107703627376,0.5691212842218999,0.3333165850547277,0.24263690484609443,0.005451352775096845,0.9318709677419353
chipstain_nll,0,0.7735761770202597,0.8142566718547055,24.31689785441662,0.03090303853961624,0.7107048623980653,0.4259586783300306,0.24173450293444168,0.03828029091656203,0.9517849462365591
chipstain_nll,1,0.7444551102035354,0.8255419226540761,23.60000204888516,0.03284853450038385,0.6873478359613369,0.43753420910275914,0.38246995000288186,0.03630714258551593,0.9678402457757296
chipstain_nll,2,0.7531886073590793,0.7894665291132344,23.85517624828128,0.033436333089919903,0.6938389693353618,0.4270838333499826,0.28450214422850445,0.04057212306559081,0.9250875576036865
chipstain_nll+tta,0,0.778630945273422,0.8075622883642772,24.423536968399326,0.031604093557945176,0.7180339573292578,0.44054214773105577,0.20093617522967222,0.04992060060799117,0.8794039938556066
chipstain_nll+tta,1,0.7547686110433088,0.8375986582093978,23.783876636607697,0.03248599272091102,0.6968656326867243,0.4721550356360025,0.15984947474380543,0.044361017525196035,0.9844608294930874
chipstain_nll+tta,2,0.7708449936231918,0.7958757098331157,24.137090250468653,0.032940358652605556,0.7096791302418779,0.493901345171941,0.17159787265226187,0.048166955575346906,0.8594285714285713
pretrained_l1,0,0.7564600270184808,0.8245661251498112,24.249596990496528,0.029967218024120175,0.666568329192915,,,,
pretrained_l1,1,0.7579988589270065,0.8175727819755173,24.323107749089363,0.02944356108862599,0.6909314942801287,,,,
pretrained_l1,2,0.7491460316566623,0.8262744777286783,24.181019501047242,0.02936772758509224,0.6495640521492511,,,,
