run,model,score,auroc,auroc_within_image,n_nuclei,precision_all
ChipStain + TTA s0,ChipStain + TTA,sigma_learned,0.6326606411950545,0.7041504827211567,14964,0.7121758887997861
ChipStain + TTA s0,ChipStain + TTA,sigma_learned_rel,0.7850892878404279,0.7819577310618001,14964,0.7121758887997861
ChipStain + TTA s0,ChipStain + TTA,sigma_learned_imgnorm,0.674667191172648,0.7041504827211567,14964,0.7121758887997861
ChipStain + TTA s0,ChipStain + TTA,dim,0.6666585656694611,0.6413977401748125,14964,0.7121758887997861
ChipStain + TTA s0,ChipStain + TTA,small,0.5266406540051602,0.5224108864860126,14964,0.7121758887997861
ChipStain + TTA s1,ChipStain + TTA,sigma_learned,0.6000602471349886,0.6969036792017447,13428,0.6953380994935955
ChipStain + TTA s1,ChipStain + TTA,sigma_learned_rel,0.7205853959614863,0.7493802373845867,13428,0.6953380994935955
ChipStain + TTA s1,ChipStain + TTA,sigma_learned_imgnorm,0.628987576649642,0.6969036792017447,13428,0.6953380994935955
ChipStain + TTA s1,ChipStain + TTA,dim,0.6204750410542089,0.653339732100752,13428,0.6953380994935955
ChipStain + TTA s1,ChipStain + TTA,small,0.5901159748840158,0.5330926846947511,13428,0.6953380994935955
ChipStain + TTA s2,ChipStain + TTA,sigma_learned,0.6468134506663012,0.7302457071114399,14921,0.7025668520876617
ChipStain + TTA s2,ChipStain + TTA,sigma_learned_rel,0.8020881422773505,0.8020228106410712,14921,0.7025668520876617
ChipStain + TTA s2,ChipStain + TTA,sigma_learned_imgnorm,0.6913364357331773,0.7302457071114399,14921,0.7025668520876617
ChipStain + TTA s2,ChipStain + TTA,dim,0.6781059009378346,0.6541050009348306,14921,0.7025668520876617
ChipStain + TTA s2,ChipStain + TTA,small,0.5197501893342026,0.5179189878428061,14921,0.7025668520876617
ChipStain ensemble (3 seeds + TTA),ChipStain ensemble (3 seeds + TTA),sigma_ensemble,0.62011919366049,0.7187326252654942,14285,0.7108855442772138
ChipStain ensemble (3 seeds + TTA),ChipStain ensemble (3 seeds + TTA),sigma_ensemble_rel,0.7763110289305117,0.7833903997694354,14285,0.7108855442772138
ChipStain ensemble (3 seeds + TTA),ChipStain ensemble (3 seeds + TTA),sigma_ensemble_imgnorm,0.6662008123480722,0.7187326252654942,14285,0.7108855442772138
ChipStain ensemble (3 seeds + TTA),ChipStain ensemble (3 seeds + TTA),dim,0.6530173115737545,0.640043257783678,14285,0.7108855442772138
ChipStain ensemble (3 seeds + TTA),ChipStain ensemble (3 seeds + TTA),small,0.5283511980763064,0.5086951874234145,14285,0.7108855442772138
U-Net + TTA s0,U-Net + TTA,sigma_tta_unet,0.7259998887167143,0.7530966994713241,14249,0.7112779844199593
U-Net + TTA s0,U-Net + TTA,sigma_tta_unet_rel,0.7766823382632948,0.7704927435180394,14249,0.7112779844199593
U-Net + TTA s0,U-Net + TTA,sigma_tta_unet_imgnorm,0.7341214220564911,0.7530966994713241,14249,0.7112779844199593
U-Net + TTA s0,U-Net + TTA,dim,0.712497904444592,0.6861540041412542,14249,0.7112779844199593
U-Net + TTA s0,U-Net + TTA,small,0.6368537624902897,0.6328321082632158,14249,0.7112779844199593
U-Net + TTA s1,U-Net + TTA,sigma_tta_unet,0.7294157267516128,0.7532026817896461,14307,0.720975746138254
U-Net + TTA s1,U-Net + TTA,sigma_tta_unet_rel,0.7689462541175419,0.7630432298926495,14307,0.720975746138254
U-Net + TTA s1,U-Net + TTA,sigma_tta_unet_imgnorm,0.7345334634368106,0.7532026817896461,14307,0.720975746138254
U-Net + TTA s1,U-Net + TTA,dim,0.7074819537281057,0.6874376828360026,14307,0.720975746138254
U-Net + TTA s1,U-Net + TTA,small,0.6521938205057716,0.655753543988616,14307,0.720975746138254
U-Net + TTA s2,U-Net + TTA,sigma_tta_unet,0.7090716823648641,0.6910220636208543,12730,0.5807541241162608
U-Net + TTA s2,U-Net + TTA,sigma_tta_unet_rel,0.7722829081315266,0.7445688692899464,12730,0.5807541241162608
U-Net + TTA s2,U-Net + TTA,sigma_tta_unet_imgnorm,0.6940359496691554,0.6910220636208543,12730,0.5807541241162608
U-Net + TTA s2,U-Net + TTA,dim,0.8104414815314944,0.7898675027132818,12730,0.5807541241162608
U-Net + TTA s2,U-Net + TTA,small,0.7575420575819294,0.727286186131257,12730,0.5807541241162608
