discard,precision,recall,f1,run,score
0.0,0.7121758887997861,0.6716878860456321,0.6913396042815438,ChipStain + TTA s0,sigma_learned
0.05,0.7311480022509848,0.6551115593092147,0.6910444784256365,ChipStain + TTA s0,sigma_learned
0.1,0.7422779922779923,0.630089499558805,0.6815981454966934,ChipStain + TTA s0,sigma_learned
0.2,0.7573302146854899,0.5714105634690533,0.6513632934583466,ChipStain + TTA s0,sigma_learned
0.3,0.7651551312649165,0.5051682843816967,0.6085570023917087,ChipStain + TTA s0,sigma_learned
0.0,0.7121758887997861,0.6716878860456321,0.6913396042815438,ChipStain + TTA s0,sigma_learned_rel
0.05,0.7415588069780529,0.664439682339594,0.7008842497174389,ChipStain + TTA s0,sigma_learned_rel
0.1,0.7649242649242649,0.6493129963443842,0.702393127428922,ChipStain + TTA s0,sigma_learned_rel
0.2,0.802856904185114,0.6057607462498424,0.6905198117613248,ChipStain + TTA s0,sigma_learned_rel
0.3,0.8341766109785202,0.5507374259422665,0.6634524125887401,ChipStain + TTA s0,sigma_learned_rel
0.0,0.7121758887997861,0.6716878860456321,0.6913396042815438,ChipStain + TTA s0,dim
0.05,0.7435284186831739,0.6662044623723686,0.7027458280699421,ChipStain + TTA s0,dim
0.1,0.7612860112860113,0.6462246312870289,0.6990522942660394,ChipStain + TTA s0,dim
0.2,0.7814718904018043,0.5896256145216185,0.6721270251823114,ChipStain + TTA s0,dim
0.3,0.792744630071599,0.523383335434262,0.6304999810181846,ChipStain + TTA s0,dim
0.0,0.6953380994935955,0.5884911130719778,0.6374684235679661,ChipStain + TTA s1,sigma_learned
0.05,0.7111389825194011,0.5717887306189335,0.6338958180484227,ChipStain + TTA s1,sigma_learned
0.1,0.7256930078609847,0.5527543174082945,0.6275267432292226,ChipStain + TTA s1,sigma_learned
0.2,0.7450195494321356,0.5044119500819362,0.6015484064942874,ChipStain + TTA s1,sigma_learned
0.3,0.7487234042553191,0.44359006680952984,0.557112324863453,ChipStain + TTA s1,sigma_learned
0.0,0.6953380994935955,0.5884911130719778,0.6374684235679661,ChipStain + TTA s1,sigma_learned_rel
0.05,0.7232891745708239,0.5815580486575066,0.6447262690843027,ChipStain + TTA s1,sigma_learned_rel
0.1,0.7431526685974348,0.5660531955124165,0.6426245930378163,ChipStain + TTA s1,sigma_learned_rel
0.2,0.7762986408490039,0.52558931047523,0.6268039687312087,ChipStain + TTA s1,sigma_learned_rel
0.3,0.7982978723404255,0.4729610487835623,0.5939998416844772,ChipStain + TTA s1,sigma_learned_rel
0.0,0.6953380994935955,0.5884911130719778,0.6374684235679661,ChipStain + TTA s1,dim
0.05,0.720937524496355,0.5796672129081054,0.6426300527547776,ChipStain + TTA s1,dim
0.1,0.7317335539925528,0.5573553510651708,0.6327501699402526,ChipStain + TTA s1,dim
0.2,0.7447402718301992,0.5042228665069961,0.6013229104028863,ChipStain + TTA s1,dim
0.3,0.7553191489361702,0.44749779402495904,0.5620201060714003,ChipStain + TTA s1,dim
0.0,0.7025668520876617,0.660721038699105,0.6810017215058304,ChipStain + TTA s2,sigma_learned
0.05,0.7209171075837743,0.6440816841043742,0.680336872940315,ChipStain + TTA s2,sigma_learned
0.1,0.7350510090103507,0.6221479894113198,0.6739033964840415,ChipStain + TTA s2,sigma_learned
0.2,0.7573092066683421,0.5697718391529056,0.6502895371003129,ChipStain + TTA s2,sigma_learned
0.3,0.7690761129727142,0.5063027858313375,0.6106191326821482,ChipStain + TTA s2,sigma_learned
0.0,0.7025668520876617,0.660721038699105,0.6810017215058304,ChipStain + TTA s2,sigma_learned_rel
0.05,0.732910052910053,0.6547964200176478,0.6916547385240173,ChipStain + TTA s2,sigma_learned_rel
0.1,0.7566460644873036,0.6404260683221984,0.6937019969278033,ChipStain + TTA s2,sigma_learned_rel
0.2,0.7970176761330318,0.5996470439934452,0.6843865769880948,ChipStain + TTA s2,sigma_learned_rel
0.3,0.8327429392053615,0.5482163116097315,0.6611683326365398,ChipStain + TTA s2,sigma_learned_rel
0.0,0.7025668520876617,0.660721038699105,0.6810017215058304,ChipStain + TTA s2,dim
0.05,0.7326984126984127,0.6546073364427076,0.6914550114843048,ChipStain + TTA s2,dim
0.1,0.7494973564673468,0.6343753939241145,0.6871479774705581,ChipStain + TTA s2,dim
0.2,0.7697076317332663,0.579099962183285,0.6609358702298312,ChipStain + TTA s2,dim
0.3,0.7819052178075634,0.5147485188453297,0.6208049865075445,ChipStain + TTA s2,dim
0.0,0.7108855442772138,0.6400479011723181,0.6736094988557594,ChipStain ensemble (3 seeds + TTA),sigma_ensemble
0.05,0.725886080613072,0.6208874322450523,0.6692937459659613,ChipStain ensemble (3 seeds + TTA),sigma_ensemble
0.1,0.7401213441194773,0.5997100718517585,0.6625583176659007,ChipStain ensemble (3 seeds + TTA),sigma_ensemble
0.2,0.7610255512775639,0.5481532837514181,0.637282919322928,ChipStain ensemble (3 seeds + TTA),sigma_ensemble
0.3,0.7671,0.4834867011218959,0.5931338436557644,ChipStain ensemble (3 seeds + TTA),sigma_ensemble
0.0,0.7108855442772138,0.6400479011723181,0.6736094988557594,ChipStain ensemble (3 seeds + TTA),sigma_ensemble_rel
0.05,0.7374548669957999,0.6307828060002522,0.6799605938105107,ChipStain ensemble (3 seeds + TTA),sigma_ensemble_rel
0.1,0.7607342874922215,0.6164124543048027,0.6810110716523919,ChipStain ensemble (3 seeds + TTA),sigma_ensemble_rel
0.2,0.7962023101155058,0.5734904827933947,0.6667399428445813,ChipStain ensemble (3 seeds + TTA),sigma_ensemble_rel
0.3,0.8282,0.5219967225513678,0.6403773293126113,ChipStain ensemble (3 seeds + TTA),sigma_ensemble_rel
0.0,0.7108855442772138,0.6400479011723181,0.6736094988557594,ChipStain ensemble (3 seeds + TTA),dim
0.05,0.738191732370496,0.6314130845833859,0.680640010870673,ChipStain ensemble (3 seeds + TTA),dim
0.1,0.7535003111387679,0.6105508634816589,0.674535199498642,ChipStain ensemble (3 seeds + TTA),dim
0.2,0.7717010850542527,0.5558426824656498,0.6462226130285044,ChipStain ensemble (3 seeds + TTA),dim
0.3,0.7825,0.49319299130215555,0.6050413670455423,ChipStain ensemble (3 seeds + TTA),dim
0.0,0.7112779844199593,0.6387873440060506,0.6730865017433173,U-Net + TTA s0,sigma_tta_unet
0.05,0.7379773952869912,0.6296483045506114,0.6795224977043158,U-Net + TTA s0,sigma_tta_unet
0.1,0.7595913911416095,0.6139543678305811,0.6790519344719416,U-Net + TTA s0,sigma_tta_unet
0.2,0.7859461356259321,0.5646665826295223,0.6571795342013571,U-Net + TTA s0,sigma_tta_unet
0.3,0.8060958492079406,0.5067439808395311,0.6222910216718267,U-Net + TTA s0,sigma_tta_unet
0.0,0.7112779844199593,0.6387873440060506,0.6730865017433173,U-Net + TTA s0,sigma_tta_unet_rel
0.05,0.7430006648445002,0.6339341989159208,0.6841478760670681,U-Net + TTA s0,sigma_tta_unet_rel
0.1,0.7673112913287585,0.6201941258036052,0.685953293830603,U-Net + TTA s0,sigma_tta_unet_rel
0.2,0.8031406263707342,0.5770200428589437,0.6715569411333211,U-Net + TTA s0,sigma_tta_unet_rel
0.3,0.8308602366151995,0.5223118618429345,0.6414086687306502,U-Net + TTA s0,sigma_tta_unet_rel
0.0,0.7112779844199593,0.6387873440060506,0.6730865017433173,U-Net + TTA s0,dim
0.05,0.7456600428455344,0.6362032018152023,0.686596605788525,U-Net + TTA s0,dim
0.1,0.7678571428571429,0.6206353208117988,0.6864412687347508,U-Net + TTA s0,dim
0.2,0.7912974822352838,0.5685112819866381,0.6616541353383459,U-Net + TTA s0,dim
0.3,0.8026869861640265,0.5046010336568764,0.6196594427244582,U-Net + TTA s0,dim
0.0,0.720975746138254,0.6501323585024581,0.6837238590793093,U-Net + TTA s1,sigma_tta_unet
0.05,0.746174220129488,0.6392285390142443,0.68857356235997,U-Net + TTA s1,sigma_tta_unet
0.1,0.7677850264057161,0.6230934072860205,0.6879131584440888,U-Net + TTA s1,sigma_tta_unet
0.2,0.7994059059933601,0.5767049035673768,0.6700351493848858,U-Net + TTA s1,sigma_tta_unet
0.3,0.8212680978532202,0.5184041346275053,0.6356014064371547,U-Net + TTA s1,sigma_tta_unet
0.0,0.720975746138254,0.6501323585024581,0.6837238590793093,U-Net + TTA s1,sigma_tta_unet_rel
0.05,0.7503678634490877,0.6428211269381067,0.6924434788512458,U-Net + TTA s1,sigma_tta_unet_rel
0.1,0.7748524386455421,0.6288289423925375,0.6942453552292812,U-Net + TTA s1,sigma_tta_unet_rel
0.2,0.8136466887995807,0.5869784444724568,0.68197129466901,U-Net + TTA s1,sigma_tta_unet_rel
0.3,0.8382426360459311,0.529118870540779,0.6487384567829682,U-Net + TTA s1,sigma_tta_unet_rel
0.0,0.720975746138254,0.6501323585024581,0.6837238590793093,U-Net + TTA s1,dim
0.05,0.7541936433195998,0.6460985755704021,0.6959739289836376,U-Net + TTA s1,dim
0.1,0.7748524386455421,0.6288289423925375,0.6942453552292812,U-Net + TTA s1,dim
0.2,0.7941639000524201,0.5729232320685743,0.6656414762741653,U-Net + TTA s1,dim
0.3,0.8069895157264104,0.5093911508886928,0.6245508287933234,U-Net + TTA s1,dim
0.0,0.5807541241162608,0.46596495651077774,0.5170653238215135,U-Net + TTA s2,sigma_tta_unet
0.05,0.6058376054241773,0.46180511786209505,0.5241058655221744,U-Net + TTA s2,sigma_tta_unet
0.1,0.6255564283843938,0.45172066053195514,0.5246129634373972,U-Net + TTA s2,sigma_tta_unet
0.2,0.6630007855459544,0.4255640993319047,0.5183877159309022,U-Net + TTA s2,sigma_tta_unet
0.3,0.6895971271462238,0.3873061893356864,0.4960245388868709,U-Net + TTA s2,sigma_tta_unet
0.0,0.5807541241162608,0.46596495651077774,0.5170653238215135,U-Net + TTA s2,sigma_tta_unet_rel
0.05,0.6093104018521581,0.46445228791125676,0.5271101573676681,U-Net + TTA s2,sigma_tta_unet_rel
0.1,0.6369032032818365,0.4599142821126938,0.5341287559931194,U-Net + TTA s2,sigma_tta_unet_rel
0.2,0.6820502749410841,0.43779150384469934,0.5332821497120921,U-Net + TTA s2,sigma_tta_unet_rel
0.3,0.7207945236224891,0.4048279339468045,0.5184647051701176,U-Net + TTA s2,sigma_tta_unet_rel
0.0,0.5807541241162608,0.46596495651077774,0.5170653238215135,U-Net + TTA s2,dim
0.05,0.6100545725152968,0.46501953863607715,0.5277539341917024,U-Net + TTA s2,dim
0.1,0.6404818015187221,0.46249842430354215,0.5371298905683856,U-Net + TTA s2,dim
0.2,0.6993322859387274,0.44888440690785325,0.5467946257197697,U-Net + TTA s2,dim
0.3,0.7476153069240264,0.41989159208370097,0.5377567905719014,U-Net + TTA s2,dim
