cfg,seed,field,timepoint,mean_sigma,rel_sigma,flag,seg_f1,failed_frame,n_pred,n_ref
chipstain_nll+tta,0,0,1,0.0416855216026306,1.2505404262771185,False,0.7837837832860665,False,69,79
chipstain_nll+tta,0,0,10,0.0381014049053192,1.080075906939022,False,0.7388535026857074,False,75,82
chipstain_nll+tta,0,0,50,0.0431116111576557,1.2300318979452816,False,0.7628865974389946,False,93,101
chipstain_nll+tta,0,0,100,0.0607368350028991,1.0792640024169704,False,0.6484641633246281,False,137,156
chipstain_nll+tta,0,0,150,0.0744049102067947,0.9015366043546216,False,0.6682027644782432,False,206,228
chipstain_nll+tta,0,1,1,0.0412871986627578,1.2385909790860088,False,0.8120300746889876,False,127,139
chipstain_nll+tta,0,1,10,0.0462436974048614,1.3108887595847287,False,0.873720136018777,False,147,146
chipstain_nll+tta,0,1,50,0.0649483352899551,1.8530628287804891,True,0.7121212116212249,False,197,199
chipstain_nll+tta,0,1,100,0.0899185091257095,1.597808151276699,True,0.66666666616689,False,301,314
chipstain_nll+tta,0,1,150,0.1034663245081901,1.253662945132468,False,0.6165413528873059,False,364,434
chipstain_nll+tta,0,10,1,0.0565726421773433,1.697145036074426,True,0.7967914433502815,False,188,186
chipstain_nll+tta,0,10,10,0.055678516626358,1.5783413890293982,True,0.8299999995002001,False,204,196
chipstain_nll+tta,0,10,50,0.0696234926581382,1.9864513182468113,True,0.763915546524998,False,258,263
chipstain_nll+tta,0,10,100,0.099079430103302,1.7605932591874114,True,0.6499339493024855,False,365,392
chipstain_nll+tta,0,10,150,0.1160066872835159,1.405609853507473,False,0.5567839191013035,False,457,538
chipstain_nll+tta,0,11,1,0.0435906164348125,1.3076921185660002,False,0.8503401355544449,False,146,148
chipstain_nll+tta,0,11,10,0.0704388543963432,1.9967586427568962,True,0.7655786345149468,False,171,166
chipstain_nll+tta,0,11,50,0.0786579772830009,2.2442172418964534,True,0.7478632473632569,False,233,235
chipstain_nll+tta,0,11,100,0.0979629531502723,1.740754007028888,True,0.609212480927801,False,319,354
chipstain_nll+tta,0,11,150,0.1332806348800659,1.6149118473773778,True,0.5637254897011276,False,367,449
chipstain_nll+tta,0,12,1,0.0333340056240558,1.0,False,0.8962264145945176,False,104,108
chipstain_nll+tta,0,12,10,0.0352765992283821,1.0,False,0.8898305079747199,False,116,120
chipstain_nll+tta,0,12,50,0.0435333326458931,1.2420641757621322,False,0.8372093018255868,False,151,150
chipstain_nll+tta,0,12,100,0.0612515397369861,1.088410055077554,False,0.7349665919276789,False,222,227
chipstain_nll+tta,0,12,150,0.0931031331419944,1.1280960124046329,False,0.5610465111291282,False,327,361
chipstain_nll+tta,0,13,1,0.0212480630725622,0.637429036048051,False,0.8529411759723182,False,36,32
chipstain_nll+tta,0,13,10,0.0220752786844968,0.625776836978547,False,0.8108108103140979,False,40,34
chipstain_nll+tta,0,13,50,0.0264755059033632,0.7553815758888047,False,0.7090909085923965,False,58,52
chipstain_nll+tta,0,13,100,0.0336654596030712,0.5982188349571254,False,0.6463414629158238,False,86,78
chipstain_nll+tta,0,13,150,0.0407823473215103,0.4941445237909531,False,0.641025640525641,False,117,117
chipstain_nll+tta,0,14,1,0.0442714877426624,1.328117845840689,False,0.8888888883920383,False,34,29
chipstain_nll+tta,0,14,10,0.0414624810218811,1.1753536885302167,False,0.7323943656996627,False,38,33
chipstain_nll+tta,0,14,50,0.0271805115044116,0.7754963281384577,False,0.4772727267737603,True,46,42
chipstain_nll+tta,0,14,100,0.0395249873399734,0.7023397914952866,False,0.4274809155312628,True,68,63
chipstain_nll+tta,0,14,150,0.0462509430944919,0.560405463425978,False,0.5287356316839741,False,86,88
chipstain_nll+tta,0,15,1,0.0519747212529182,1.5592101903111864,True,0.6222222217244444,False,42,48
chipstain_nll+tta,0,15,10,0.0465197302401065,1.3187135738038671,False,0.7111111106133333,False,42,48
chipstain_nll+tta,0,15,50,0.0417506694793701,1.1912024125564664,False,0.7155963297762815,False,52,57
chipstain_nll+tta,0,15,100,0.0658214539289474,1.1696152064701617,False,0.6075949362095817,False,76,82
chipstain_nll+tta,0,15,150,0.079873502254486,0.9677974988516904,False,0.5350877188007078,False,106,122
chipstain_nll+tta,0,16,1,0.0408205240964889,1.22459102445913,False,0.8409090904114153,False,41,47
chipstain_nll+tta,0,16,10,0.0388405174016952,1.1010278272641918,False,0.7826086951524102,False,47,45
chipstain_nll+tta,0,16,50,0.0344175435602664,0.9819785271590609,False,0.8527131777946036,False,65,64
chipstain_nll+tta,0,16,100,0.0593766421079635,1.0550940365671322,False,0.5837837832844995,False,89,96
chipstain_nll+tta,0,16,150,0.0825312137603759,1.0,False,0.5474452549748788,False,133,141
chipstain_nll+tta,0,17,1,0.0195965748280286,0.5878853879440923,False,0.7213114749131952,False,28,33
chipstain_nll+tta,0,17,10,0.0201321970671415,0.5706955179212391,False,0.6969696964715334,False,31,35
chipstain_nll+tta,0,17,50,0.0224118735641241,0.6394407129851347,False,0.7761194024878593,False,31,36
chipstain_nll+tta,0,17,100,0.0263339951634407,0.46794227948110134,False,0.6666666661709534,False,49,59
chipstain_nll+tta,0,17,150,0.0365377254784107,0.4427140207157943,False,0.6390532539383075,False,82,87
chipstain_nll+tta,0,18,1,0.0324293933808803,0.9728621800398726,False,0.8313253007051096,False,81,85
chipstain_nll+tta,0,18,10,0.0327147655189037,0.9273786655881144,False,0.7650273219043865,False,91,92
chipstain_nll+tta,0,18,50,0.0397924594581127,1.1353320629141292,False,0.7169811315756496,False,104,108
chipstain_nll+tta,0,18,100,0.0529897026717662,0.9416012307800664,False,0.6587537086988527,False,167,170
chipstain_nll+tta,0,18,150,0.0646631717681884,0.7834995854530116,False,0.611494252374961,False,206,229
chipstain_nll+tta,0,19,1,0.0355329103767871,1.0659658121358342,False,0.8934010147285424,False,100,97
chipstain_nll+tta,0,19,10,0.0381147488951683,1.080454174406436,False,0.8940092160899572,False,107,110
chipstain_nll+tta,0,19,50,0.0595521070063114,1.6991012221682162,True,0.7806451607903434,False,154,156
chipstain_nll+tta,0,19,100,0.120689257979393,2.144589384833052,True,0.6576576571577488,False,219,225
chipstain_nll+tta,0,19,150,0.1288963705301284,1.5617893480201415,True,0.6015999995010765,False,298,327
chipstain_nll+tta,0,2,1,0.0320801064372062,0.9623837830655217,False,0.8170731702317817,False,81,83
chipstain_nll+tta,0,2,10,0.0317630283534526,0.9003993879290205,False,0.7999999995006227,False,82,88
chipstain_nll+tta,0,2,50,0.0409341901540756,1.1679071659359574,False,0.7657657652658062,False,112,110
chipstain_nll+tta,0,2,100,0.0664504319429397,1.180791839707327,False,0.6824925811043154,False,158,179
chipstain_nll+tta,0,2,150,0.0952911004424095,1.154606797848401,False,0.6296296291317973,False,227,259
chipstain_nll+tta,0,20,1,0.034607533365488,1.03820506169571,False,0.8355555550560394,False,109,116
chipstain_nll+tta,0,20,10,0.0371186509728431,1.0522173844631533,False,0.8425531909898054,False,114,121
chipstain_nll+tta,0,20,50,0.0499896109104156,1.4262704254040748,False,0.8047337273106684,False,168,170
chipstain_nll+tta,0,20,100,0.065861240029335,1.1703221861134514,False,0.6638115626708362,False,220,247
chipstain_nll+tta,0,20,150,0.0977531820535659,1.1844389243733409,False,0.5718518513529064,False,322,353
chipstain_nll+tta,0,21,1,0.0237051881849765,0.7111413027382892,False,0.7222222217237654,False,34,38
chipstain_nll+tta,0,21,10,0.0272035561501979,0.7711501886585213,False,0.7209302320581394,False,43,43
chipstain_nll+tta,0,21,50,0.0324925668537616,0.9270563684129225,False,0.7130434777609074,False,57,58
chipstain_nll+tta,0,21,100,0.0532520227134227,0.9462625302708757,False,0.6741573028713546,False,86,92
chipstain_nll+tta,0,21,150,0.0954851284623146,1.1569577631506738,False,0.3949044580997201,True,164,150
chipstain_nll+tta,0,22,1,0.0380337573587894,1.1409897084598193,False,0.7540983601623219,False,27,34
chipstain_nll+tta,0,22,10,0.0375766530632972,1.0652005546233203,False,0.6969696964770432,False,29,37
chipstain_nll+tta,0,22,50,0.0404315181076526,1.153565260479336,False,0.6741573028784245,False,39,50
chipstain_nll+tta,0,22,100,0.0496386773884296,0.8820551421614927,False,0.6289308171116649,False,75,84
chipstain_nll+tta,0,22,150,0.0601608231663703,0.7289463031652897,False,0.6666666661676285,False,109,119
chipstain_nll+tta,0,23,1,0.0359941832721233,1.0798037199030097,False,0.6769230764326627,False,28,37
chipstain_nll+tta,0,23,10,0.0353858135640621,1.003095942864927,False,0.6769230764288757,False,29,36
chipstain_nll+tta,0,23,50,0.0336582548916339,0.9603150064256092,False,0.7906976739196864,False,41,45
chipstain_nll+tta,0,23,100,0.0401594601571559,0.713614064711276,False,0.6140350872199137,False,59,55
chipstain_nll+tta,0,23,150,0.0545006059110164,0.6603635573475926,False,0.538461537963593,False,83,73
chipstain_nll+tta,0,24,1,0.0281855426728725,0.8455492265391633,False,0.9019607838139178,False,50,52
chipstain_nll+tta,0,24,10,0.0302075091749429,0.8563044577902278,False,0.8412698407698412,False,63,63
chipstain_nll+tta,0,24,50,0.0304900202900171,0.8699210379443224,False,0.857142856642857,False,84,84
chipstain_nll+tta,0,24,100,0.0373130030930042,0.6630339078160774,False,0.6184738950852404,False,115,134
chipstain_nll+tta,0,24,150,0.0514110997319221,0.622929160852898,False,0.5449275357341062,False,161,184
chipstain_nll+tta,0,3,1,0.0263056475669145,0.7891535107899178,False,0.7933884292523735,False,62,59
chipstain_nll+tta,0,3,10,0.0283853560686111,0.804651148055491,False,0.7086614168228657,False,63,64
chipstain_nll+tta,0,3,50,0.0334679558873176,0.9548855214406876,False,0.7388535026852205,False,76,81
chipstain_nll+tta,0,3,100,0.0417846366763114,0.7424926606179301,False,0.7091633461139347,False,122,129
chipstain_nll+tta,0,3,150,0.0832121670246124,1.0082508572600617,False,0.6611570242934225,False,183,180
chipstain_nll+tta,0,4,1,0.0275794956833124,0.8273681835407563,False,0.9516129027258065,False,62,62
chipstain_nll+tta,0,4,10,0.0289113502949476,0.8195617187409244,False,0.8321167878211946,False,68,69
chipstain_nll+tta,0,4,50,0.0350491814315319,1.0,False,0.8695652168913159,False,103,104
chipstain_nll+tta,0,4,100,0.0562761612236499,1.0,False,0.765100670640962,False,148,150
chipstain_nll+tta,0,4,150,0.0710876584053039,0.8613426989175559,False,0.6445012782733237,False,187,204
chipstain_nll+tta,0,5,1,0.0242508184164762,0.7275098795500103,False,0.7999999995031999,False,46,54
chipstain_nll+tta,0,5,10,0.0270186103880405,0.7659074564733678,False,0.8245614030089257,False,58,56
chipstain_nll+tta,0,5,50,0.0284045059233903,0.8104185251481013,False,0.7591240870925463,False,65,72
chipstain_nll+tta,0,5,100,0.0444342754781246,0.789575452766512,False,0.6260869560220794,False,118,112
chipstain_nll+tta,0,5,150,0.090255856513977,1.093596621225384,False,0.6100628925817609,False,159,159
chipstain_nll+tta,0,6,1,0.0306770969182252,0.9202943463862256,False,0.9462365586398428,False,47,46
chipstain_nll+tta,0,6,10,0.0281215198338031,0.7971720757928866,False,0.8679245278020647,False,52,54
chipstain_nll+tta,0,6,50,0.0336425229907035,0.9598661542616541,False,0.771428570930204,False,66,74
chipstain_nll+tta,0,6,100,0.0494846738874912,0.8793185748905595,False,0.5971563976051749,False,101,110
chipstain_nll+tta,0,6,150,0.0890392214059829,1.0788551064389116,False,0.6044776114405491,False,131,137
chipstain_nll+tta,0,7,1,0.0196578409522771,0.5897233346025127,False,0.7692307687337278,False,24,28
chipstain_nll+tta,0,7,10,0.0211942307651042,0.6008014159157439,False,0.7619047614048877,False,31,32
chipstain_nll+tta,0,7,50,0.0231720712035894,0.6611301678715586,False,0.641025640526956,False,37,41
chipstain_nll+tta,0,7,100,0.0277999639511108,0.4939918314724698,False,0.540983606057377,False,61,61
chipstain_nll+tta,0,7,150,0.0350566767156124,0.42476870408567136,False,0.5730337073667465,False,84,94
chipstain_nll+tta,0,8,1,0.0267956126481294,0.8038521667732633,False,0.8507462681568279,False,68,66
chipstain_nll+tta,0,8,10,0.0288227759301662,0.8170508654637146,False,0.8115942023989707,False,71,67
chipstain_nll+tta,0,8,50,0.0344268754124641,0.9822447773770847,False,0.7630057798468375,False,87,86
chipstain_nll+tta,0,8,100,0.0604431517422199,1.0740453937860073,False,0.6015624995004882,False,124,132
chipstain_nll+tta,0,8,150,0.057677436619997,0.6988560326697696,False,0.6347305384222274,False,165,169
chipstain_nll+tta,0,9,1,0.0350650288164615,1.0519296484175455,False,0.8093023250822714,False,103,112
chipstain_nll+tta,0,9,10,0.0429465025663375,1.2174218463718725,False,0.8016877632131603,False,117,120
chipstain_nll+tta,0,9,50,0.0543573684990406,1.5508883882274678,False,0.8187499995001758,False,157,163
chipstain_nll+tta,0,9,100,0.0919864401221275,1.634554278792393,True,0.7226890751303315,False,241,235
chipstain_nll+tta,0,9,150,0.1096043288707733,1.3280348595017937,False,0.6906906901923184,False,314,352
chipstain_nll+tta,1,0,1,0.025466077029705,1.1395662312219916,False,0.7919463082266563,False,70,79
chipstain_nll+tta,1,0,10,0.0267638694494962,1.132580767285366,False,0.7741935478887824,False,73,82
chipstain_nll+tta,1,0,50,0.0336748249828815,1.0658744422431434,False,0.7395833328346896,False,91,101
chipstain_nll+tta,1,0,100,0.0433827824890613,1.1254354420813457,False,0.6644518267431927,False,145,156
chipstain_nll+tta,1,0,150,0.0584268756210804,1.0,False,0.666666666167511,False,210,228
chipstain_nll+tta,1,1,1,0.0398620031774044,1.7837609097328642,True,0.8208955218887558,False,129,139
chipstain_nll+tta,1,1,10,0.061648353934288,2.608805880350385,True,0.7360594790575586,False,123,146
chipstain_nll+tta,1,1,50,0.0906473323702812,2.869166354394363,True,0.3536231879175971,True,146,199
chipstain_nll+tta,1,1,100,0.1005948260426521,2.6096293511591653,True,0.5748709117235817,False,267,314
chipstain_nll+tta,1,1,150,0.1408259570598602,2.410294159372271,True,0.0167014612076307,True,45,434
chipstain_nll+tta,1,10,1,0.0523851923644542,2.344153603437508,True,0.8118279564892472,False,186,186
chipstain_nll+tta,1,10,10,0.0538653135299682,2.2794468581218763,True,0.8370927313297277,False,203,196
chipstain_nll+tta,1,10,50,0.0711285024881362,2.251356999054103,True,0.7641325531065589,False,250,263
chipstain_nll+tta,1,10,100,0.123795174062252,3.2114924044675393,True,0.4879432619176259,True,313,392
chipstain_nll+tta,1,10,150,0.147625133395195,2.52666485801154,True,0.124694376077857,True,280,538
chipstain_nll+tta,1,11,1,0.0403409935534,1.8051949632358129,True,0.8464163817526121,False,145,148
chipstain_nll+tta,1,11,10,0.0672386214137077,2.845372175187501,True,0.8024691353027741,False,158,166
chipstain_nll+tta,1,11,50,0.0619161874055862,1.9597691079404111,True,0.7741935478871546,False,230,235
chipstain_nll+tta,1,11,100,0.0864012390375137,2.241419546500469,True,0.6102719028256769,False,308,354
chipstain_nll+tta,1,11,150,0.1257260590791702,2.151853196712923,True,0.3368983952420322,True,299,449
chipstain_nll+tta,1,12,1,0.03196507319808,1.430385918984754,False,0.8857142852146939,False,102,108
chipstain_nll+tta,1,12,10,0.0349280461668968,1.4780685357224126,False,0.8916666661666667,False,120,120
chipstain_nll+tta,1,12,50,0.0483002178370952,1.528796891253537,False,0.7932203384831944,False,145,150
chipstain_nll+tta,1,12,100,0.064534991979599,1.6741657187753989,True,0.7208791203791233,False,228,227
chipstain_nll+tta,1,12,150,0.1008544713258743,1.726165745708402,True,0.5505952375980061,False,311,361
chipstain_nll+tta,1,13,1,0.0183529444038867,0.8212649188867306,False,0.8656716412920471,False,35,32
chipstain_nll+tta,1,13,10,0.0192178934812545,0.8132537257245279,False,0.8219178077215238,False,39,34
chipstain_nll+tta,1,13,50,0.0242648068815469,0.7680288617432726,False,0.7169811315756496,False,54,52
chipstain_nll+tta,1,13,100,0.031386312097311,0.8142232010924342,False,0.6708074529166314,False,83,78
chipstain_nll+tta,1,13,150,0.0383016839623451,0.6555490697593603,False,0.6008583685987215,False,116,117
chipstain_nll+tta,1,14,1,0.0175083857029676,0.7834722673240462,False,0.8749999995043947,False,35,29
chipstain_nll+tta,1,14,10,0.0190813355147838,0.8074749302952584,False,0.782608695153119,False,36,33
chipstain_nll+tta,1,14,50,0.0230227150022983,0.7287142108228343,False,0.5555555550577778,False,48,42
chipstain_nll+tta,1,14,100,0.0284369979053735,0.737712139998626,False,0.4615384610389348,True,67,63
chipstain_nll+tta,1,14,150,0.0367384254932403,0.6287932582858339,False,0.5536723158841966,False,89,88
chipstain_nll+tta,1,15,1,0.0190583560615777,0.8528309627370386,False,0.6888888883911111,False,42,48
chipstain_nll+tta,1,15,10,0.0205669533461332,0.8703426029424286,False,0.7555555550577778,False,42,48
chipstain_nll+tta,1,15,50,0.0244314391165971,0.7733030997143427,False,0.77477477427514,False,54,57
chipstain_nll+tta,1,15,100,0.0300345607101917,0.7791560884578246,False,0.6835443032981894,False,76,82
chipstain_nll+tta,1,15,150,0.0388356521725654,0.6646881552323415,False,0.5520361986004381,False,99,122
chipstain_nll+tta,1,16,1,0.0195512510836124,0.8748872269191105,False,0.7954545449568697,False,41,47
chipstain_nll+tta,1,16,10,0.0199741832911968,0.8452580401548794,False,0.8260869560219753,False,47,45
chipstain_nll+tta,1,16,50,0.026210967451334,0.8296286714792376,False,0.8153846148847336,False,66,64
chipstain_nll+tta,1,16,100,0.0341606400907039,0.8861947730521182,False,0.5729729724736888,False,89,96
chipstain_nll+tta,1,16,150,0.0430312938988208,0.7364982885255484,False,0.5660377353511141,False,124,141
chipstain_nll+tta,1,17,1,0.0171215329319238,0.7661612243305792,False,0.7213114749131952,False,28,33
chipstain_nll+tta,1,17,10,0.018295107409358,0.7742037012383093,False,0.7462686562174202,False,32,35
chipstain_nll+tta,1,17,50,0.0203082505613565,0.6427960724672978,False,0.8059701487565158,False,31,36
chipstain_nll+tta,1,17,100,0.0250176917761564,0.6490085556649746,False,0.7037037032079902,False,49,59
chipstain_nll+tta,1,17,150,0.0314078405499458,0.537558105171276,False,0.6982248515714435,False,82,87
chipstain_nll+tta,1,18,1,0.0265849791467189,1.1896353120271952,False,0.8674698790183625,False,81,85
chipstain_nll+tta,1,18,10,0.0292534288018941,1.2379327623271124,False,0.811111110611358,False,88,92
chipstain_nll+tta,1,18,50,0.0353771746158599,1.1197571563025652,False,0.723809523309932,False,102,108
chipstain_nll+tta,1,18,100,0.0499514229595661,1.2958390069900738,False,0.6296296291308489,False,154,170
chipstain_nll+tta,1,18,150,0.0661720484495163,1.1325618175900105,False,0.5659472417110685,False,188,229
chipstain_nll+tta,1,19,1,0.0326783470809459,1.4623037848412992,False,0.8934010147285424,False,100,97
chipstain_nll+tta,1,19,10,0.0352443791925907,1.4914549670691266,False,0.8818181813181818,False,110,110
chipstain_nll+tta,1,19,50,0.0487226136028766,1.5421665480071203,False,0.7961165043544159,False,153,156
chipstain_nll+tta,1,19,100,0.0847582146525383,2.198796234463684,True,0.6459330138569973,False,193,225
chipstain_nll+tta,1,19,150,0.0984280854463577,1.6846371537081624,True,0.6184873944628994,False,268,327
chipstain_nll+tta,1,2,1,0.02863185480237,1.2812297250170543,False,0.778443113272473,False,84,83
chipstain_nll+tta,1,2,10,0.0283554829657077,1.1999339151855293,False,0.795321636927328,False,83,88
chipstain_nll+tta,1,2,50,0.0370575077831745,1.1729430059218156,False,0.757990867079919,False,109,110
chipstain_nll+tta,1,2,100,0.0559894815087318,1.4524782242718786,False,0.6443768991999335,False,150,179
chipstain_nll+tta,1,2,150,0.0700710266828537,1.1992944332209352,False,0.6434426224527092,False,229,259
chipstain_nll+tta,1,20,1,0.0507254600524902,2.269883236102328,True,0.8075117365931803,False,97,116
chipstain_nll+tta,1,20,10,0.0369005873799324,1.5615416017070443,True,0.8403361339539227,False,117,121
chipstain_nll+tta,1,20,50,0.0564697012305259,1.7873771083686691,True,0.7590361440786036,False,162,170
chipstain_nll+tta,1,20,100,0.0677743405103683,1.7582008459989962,True,0.6666666661678589,False,224,247
chipstain_nll+tta,1,20,150,0.1048882082104682,1.7952048110651422,True,0.5303030298054591,False,307,353
chipstain_nll+tta,1,21,1,0.019594382494688,0.8768172886050691,False,0.7397260268981045,False,35,38
chipstain_nll+tta,1,21,10,0.0218809321522712,0.925946936510888,False,0.7906976739186046,False,43,43
chipstain_nll+tta,1,21,50,0.0260071884840726,0.8231786663736121,False,0.7433628313587596,False,55,58
chipstain_nll+tta,1,21,100,0.0326191484928131,0.8462054229366814,False,0.6440677961109514,False,85,92
chipstain_nll+tta,1,21,150,0.0420137681066989,0.7190829162109148,False,0.526315788981853,False,116,150
chipstain_nll+tta,1,22,1,0.0165609568357467,0.741076340290979,False,0.8253968248999748,False,29,34
chipstain_nll+tta,1,22,10,0.0167287327349185,0.7079185987055568,False,0.7384615379711241,False,28,37
chipstain_nll+tta,1,22,50,0.0201734919100999,0.6385306961121546,False,0.6881720425135853,False,43,50
chipstain_nll+tta,1,22,100,0.029001535847783,0.752357374175284,False,0.6749999995012499,False,76,84
chipstain_nll+tta,1,22,150,0.0368600152432918,0.630874316852786,False,0.6695652168919093,False,111,119
chipstain_nll+tta,1,23,1,0.0169503595679998,0.7585014899716149,False,0.7384615379711241,False,28,37
chipstain_nll+tta,1,23,10,0.017876423895359,0.7564860503422186,False,0.6666666661707987,False,30,36
chipstain_nll+tta,1,23,50,0.0197831094264984,0.6261743227031833,False,0.7529411759723184,False,40,45
chipstain_nll+tta,1,23,100,0.0258138757199049,0.6696631466639866,False,0.6140350872199137,False,59,55
chipstain_nll+tta,1,23,150,0.0327830463647842,0.5610953181442426,False,0.5342465748424657,False,73,73
chipstain_nll+tta,1,24,1,0.0214281268417835,0.9588744162972042,False,0.9215686269511726,False,50,52
chipstain_nll+tta,1,24,10,0.0228814408183097,0.9682859889709899,False,0.8292682921832243,False,60,63
chipstain_nll+tta,1,24,50,0.0313084311783313,0.9909734241135834,False,0.857142856642857,False,84,84
chipstain_nll+tta,1,24,100,0.037725169211626,0.9786657298891607,False,0.6341463409674136,False,112,134
chipstain_nll+tta,1,24,150,0.0504100173711776,0.8627881747109831,False,0.5597667633510527,False,159,184
chipstain_nll+tta,1,3,1,0.0223471671342849,1.0,False,0.7999999995001389,False,61,59
chipstain_nll+tta,1,3,10,0.0236308705061674,1.0,False,0.7741935478876171,False,60,64
chipstain_nll+tta,1,3,50,0.0326392538845539,1.0330965802232472,False,0.774999999500078,False,79,81
chipstain_nll+tta,1,3,100,0.0385475531220436,1.0,False,0.6987951802235447,False,120,129
chipstain_nll+tta,1,3,150,0.0600833743810653,1.028351657390135,False,0.6798866850526045,False,173,180
chipstain_nll+tta,1,4,1,0.0258289352059364,1.1558035544608154,False,0.9516129027258065,False,62,62
chipstain_nll+tta,1,4,10,0.027079289779067,1.1459285755892743,False,0.8175182476752091,False,68,69
chipstain_nll+tta,1,4,50,0.042756762355566,1.3533356224131416,False,0.844221105028661,False,95,104
chipstain_nll+tta,1,4,100,0.0587622299790382,1.5244088202691841,False,0.6903914585770189,False,131,150
chipstain_nll+tta,1,4,150,0.0803594887256622,1.3753856914551241,False,0.5310734458393183,False,150,204
chipstain_nll+tta,1,5,1,0.0204086508601903,0.9132544960868647,False,0.8199999995032,False,46,54
chipstain_nll+tta,1,5,10,0.0232502445578575,0.9838928511664197,False,0.8793103443281807,False,60,56
chipstain_nll+tta,1,5,50,0.0261489804834127,0.827666662028764,False,0.7428571423575508,False,68,72
chipstain_nll+tta,1,5,100,0.0384743809700012,0.9981017692144885,False,0.6933333328333431,False,113,112
chipstain_nll+tta,1,5,150,0.0544156916439533,0.9313469369277747,False,0.6325878589250478,False,154,159
chipstain_nll+tta,1,6,1,0.0208456199616193,0.932808164737716,False,0.9565217386304348,False,46,46
chipstain_nll+tta,1,6,10,0.0219809040427207,0.9301774996813563,False,0.8518518513518518,False,54,54
chipstain_nll+tta,1,6,50,0.0285451430827379,0.9035099210621205,False,0.7323943656980758,False,68,74
chipstain_nll+tta,1,6,100,0.0378336645662784,0.981480314625808,False,0.5645933009367917,False,99,110
chipstain_nll+tta,1,6,150,0.0644033178687095,1.1022892664394466,False,0.5063291134362371,False,100,137
chipstain_nll+tta,1,7,1,0.0165240690112113,0.7394256691202782,False,0.7692307687337278,False,24,28
chipstain_nll+tta,1,7,10,0.0187202207744121,0.7921934475298456,False,0.7058823524429066,False,36,32
chipstain_nll+tta,1,7,50,0.0212760008871555,0.6734272736469918,False,0.6749999995003125,False,39,41
chipstain_nll+tta,1,7,100,0.0268721356987953,0.6971165099303889,False,0.5806451607904526,False,63,61
chipstain_nll+tta,1,7,150,0.032747309654951,0.5604836696613601,False,0.6779661011968464,False,83,94
chipstain_nll+tta,1,8,1,0.0239409860223531,1.0713208470000195,False,0.8636363631363636,False,66,66
chipstain_nll+tta,1,8,10,0.026847206056118,1.1361073663837806,False,0.8676470583236376,False,69,67
chipstain_nll+tta,1,8,50,0.0315936133265495,1.0,False,0.7674418599651162,False,86,86
chipstain_nll+tta,1,8,100,0.0434402003884315,1.1269249762986906,False,0.6614785987221609,False,125,132
chipstain_nll+tta,1,8,150,0.0521643199026584,0.8928137838648611,False,0.6011904756904939,False,167,169
chipstain_nll+tta,1,9,1,0.0426091849803924,1.9066929031475146,True,0.776699028630031,False,94,112
chipstain_nll+tta,1,9,10,0.0667633861303329,2.8252613932655755,True,0.762790697181179,False,95,120
chipstain_nll+tta,1,9,50,0.0999448895454406,3.16345232539301,True,0.4738675953280481,True,124,163
chipstain_nll+tta,1,9,100,0.1269910186529159,3.29439895318013,True,0.1774193543734102,True,137,235
chipstain_nll+tta,1,9,150,0.2073012888431549,3.548046795922811,True,0.010840108313188,True,17,352
chipstain_nll+tta,2,0,1,0.0327766239643096,0.9029733519242655,False,0.7891156457613031,False,68,79
chipstain_nll+tta,2,0,10,0.0320888869464397,0.7945781251513391,False,0.7692307687320843,False,74,82
chipstain_nll+tta,2,0,50,0.0387391038239002,0.9566474397895158,False,0.715789473186205,False,89,101
chipstain_nll+tta,2,0,100,0.0457500852644443,0.9814701035083573,False,0.6262626257639016,False,141,156
chipstain_nll+tta,2,0,150,0.059062223881483,1.0770378786020909,False,0.652777777279321,False,204,228
chipstain_nll+tta,2,1,1,0.0427792035043239,1.1785375096291828,False,0.7969924807040251,False,127,139
chipstain_nll+tta,2,1,10,0.0469224862754344,1.1618845251443275,False,0.8384879720085969,False,145,146
chipstain_nll+tta,2,1,50,0.0597602315247058,1.4757561958381609,False,0.7430025440293431,False,194,199
chipstain_nll+tta,2,1,100,0.0876106098294258,1.8794980118767932,True,0.6194398677048817,False,293,314
chipstain_nll+tta,2,1,150,0.1093453094363212,1.9939824878031243,True,0.5782227779768201,False,365,434
chipstain_nll+tta,2,10,1,0.0517672821879386,1.426152869439885,False,0.7945945940946091,False,184,186
chipstain_nll+tta,2,10,10,0.0572729669511318,1.4181809041193327,False,0.8477157355406221,False,198,196
chipstain_nll+tta,2,10,50,0.0725559666752815,1.7917420102665997,True,0.7624521067797229,False,259,263
chipstain_nll+tta,2,10,100,0.1009271070361137,2.1651749415758546,True,0.6586985386774742,False,361,392
chipstain_nll+tta,2,10,150,0.1218464374542236,2.221948648162284,True,0.5593561363243282,False,456,538
chipstain_nll+tta,2,11,1,0.0447362996637821,1.2324541570870902,False,0.8367346933775741,False,146,148
chipstain_nll+tta,2,11,10,0.0540094673633575,1.3373708284001569,False,0.7964601764913636,False,173,166
chipstain_nll+tta,2,11,50,0.067187987267971,1.6591817997828917,True,0.7451820123479863,False,232,235
chipstain_nll+tta,2,11,100,0.0818190723657608,1.7552529784286603,True,0.6015037589005868,False,311,354
chipstain_nll+tta,2,11,150,0.1089359074831008,1.9865167782139141,True,0.5270758117776184,False,382,449
chipstain_nll+tta,2,12,1,0.0461430810391902,1.2712100123380794,False,0.8396226410096119,False,104,108
chipstain_nll+tta,2,12,10,0.048825204372406,1.208999221914792,False,0.8713692941058176,False,121,120
chipstain_nll+tta,2,12,50,0.0461234226822853,1.1390003863774354,False,0.7692307687307748,False,149,150
chipstain_nll+tta,2,12,100,0.065958634018898,1.4150012395301268,False,0.7123893800309832,False,225,227
chipstain_nll+tta,2,12,150,0.0922943130135536,1.6830465323253785,True,0.499999999501221,True,327,361
chipstain_nll+tta,2,13,1,0.0395146645605564,1.0886017164934747,False,0.840579709647553,False,37,32
chipstain_nll+tta,2,13,10,0.0414451994001865,1.0262571241841523,False,0.8205128200210386,False,44,34
chipstain_nll+tta,2,13,50,0.0423820614814758,1.0466088940405873,False,0.7090909085923965,False,58,52
chipstain_nll+tta,2,13,100,0.0411539413034915,0.8828696776726166,False,0.6265060235982,False,88,78
chipstain_nll+tta,2,13,150,0.0455539748072624,0.8307062139542831,False,0.5565217386305861,False,113,117
chipstain_nll+tta,2,14,1,0.0269575286656618,0.7426612956030183,False,0.8888888883920383,False,34,29
chipstain_nll+tta,2,14,10,0.0275115799158811,0.6812358317693984,False,0.771428570930204,False,37,33
chipstain_nll+tta,2,14,50,0.0360356234014034,0.8898860186565097,False,0.4615384610414201,True,49,42
chipstain_nll+tta,2,14,100,0.0359037294983863,0.7702376269559349,False,0.4242424237434573,True,69,63
chipstain_nll+tta,2,14,150,0.0413845516741275,0.7546740845966552,False,0.550561797252872,False,90,88
chipstain_nll+tta,2,15,1,0.0276558957993984,0.7619008277863983,False,0.6516853927615199,False,41,48
chipstain_nll+tta,2,15,10,0.0307433065026998,0.7612591512644689,False,0.7191011230985985,False,41,48
chipstain_nll+tta,2,15,50,0.0314776375889778,0.7773282920277452,False,0.7272727267733884,False,53,57
chipstain_nll+tta,2,15,100,0.0316534452140331,0.6790568798077743,False,0.6075949362095817,False,76,82
chipstain_nll+tta,2,15,150,0.0395826324820518,0.7218149218949599,False,0.5112107618362725,False,101,122
chipstain_nll+tta,2,16,1,0.0317060761153698,0.8734804980963331,False,0.804597700652662,False,40,47
chipstain_nll+tta,2,16,10,0.0335177890956401,0.8299602932094413,False,0.7252747247747856,False,46,45
chipstain_nll+tta,2,16,50,0.0404946506023407,1.0,False,0.7575757570762167,False,68,64
chipstain_nll+tta,2,16,100,0.0380180664360523,0.8155961980070657,False,0.5464480869329033,False,87,96
chipstain_nll+tta,2,16,150,0.0443345829844474,0.8084698148531454,False,0.5482625477664912,False,118,141
chipstain_nll+tta,2,17,1,0.0317938812077045,0.8758994677445746,False,0.7213114749131952,False,28,33
chipstain_nll+tta,2,17,10,0.0327614955604076,0.811233115158917,False,0.7076923071952662,False,30,35
chipstain_nll+tta,2,17,50,0.0337948352098465,0.8345506062445953,False,0.8059701487565158,False,31,36
chipstain_nll+tta,2,17,100,0.0339629165828228,0.72860164218961,False,0.6605504582190052,False,50,59
chipstain_nll+tta,2,17,150,0.0363302007317543,0.6625047238965274,False,0.6586826342314174,False,80,87
chipstain_nll+tta,2,18,1,0.032621394842863,0.8986968968426949,False,0.8363636358640955,False,80,85
chipstain_nll+tta,2,18,10,0.0395157113671302,0.9784795560071445,False,0.7666666661669135,False,88,92
chipstain_nll+tta,2,18,50,0.0438463948667049,1.0827700502290656,False,0.739336492391276,False,103,108
chipstain_nll+tta,2,18,100,0.0469579324126243,1.007381877414226,False,0.6626506019099289,False,162,170
chipstain_nll+tta,2,18,150,0.0548376478254795,1.0,False,0.5761124116806213,False,198,229
chipstain_nll+tta,2,19,1,0.0487887151539325,1.3440954049018574,False,0.8877551015408683,False,99,97
chipstain_nll+tta,2,19,10,0.0452995859086513,1.1216986148976338,False,0.8611111106112824,False,106,110
chipstain_nll+tta,2,19,50,0.046829305589199,1.1564318963772497,False,0.8193548382096981,False,154,156
chipstain_nll+tta,2,19,100,0.0718533843755722,1.541460484562776,False,0.6788154892497444,False,214,225
chipstain_nll+tta,2,19,150,0.0925559028983116,1.6878167931795731,True,0.6314102559114121,False,297,327
chipstain_nll+tta,2,2,1,0.085148774087429,2.3457899152057267,True,0.6037735844292008,False,129,83
chipstain_nll+tta,2,2,10,0.0811277404427528,2.0088676807756696,True,0.7222222217224691,False,92,88
chipstain_nll+tta,2,2,50,0.0483294352889061,1.1934770289415098,False,0.75576036816369,False,107,110
chipstain_nll+tta,2,2,100,0.0546806566417217,1.173056387192449,False,0.6863905320461293,False,159,179
chipstain_nll+tta,2,2,150,0.0715839862823486,1.305380320289525,False,0.6307053936936606,False,223,259
chipstain_nll+tta,2,20,1,0.0364981181919574,1.0054979475191346,False,0.8266666661671506,False,109,116
chipstain_nll+tta,2,20,10,0.0403848104178905,1.0,False,0.820512820013405,False,113,121
chipstain_nll+tta,2,20,50,0.0546923950314521,1.350607900498609,False,0.7820895517389174,False,165,170
chipstain_nll+tta,2,20,100,0.0704352632164955,1.5110377320642554,False,0.6326963901593663,False,224,247
chipstain_nll+tta,2,20,150,0.101614736020565,1.8530104782020067,True,0.5022831045256121,False,304,353
chipstain_nll+tta,2,21,1,0.0406717769801616,1.1204793644544677,False,0.7105263152894736,False,38,38
chipstain_nll+tta,2,21,10,0.0396483018994331,0.9817627342845932,False,0.735632183408112,False,44,43
chipstain_nll+tta,2,21,50,0.0389642156660556,0.9622064911409155,False,0.7130434777609074,False,57,58
chipstain_nll+tta,2,21,100,0.0443144179880619,0.9506709366388326,False,0.632768361082703,False,85,92
chipstain_nll+tta,2,21,150,0.0450406670570373,0.8213457149070099,False,0.4528301881879673,True,115,150
chipstain_nll+tta,2,22,1,0.022181998938322,0.6110987499971771,False,0.8064516124079085,False,28,34
chipstain_nll+tta,2,22,10,0.0246883612126112,0.6113278967300596,False,0.7384615379711241,False,28,37
chipstain_nll+tta,2,22,50,0.0273522417992353,0.6754532115324454,False,0.65934065884555,False,41,50
chipstain_nll+tta,2,22,100,0.0322209745645523,0.691232006633844,False,0.6499999995012501,False,76,84
chipstain_nll+tta,2,22,150,0.0383406691253185,0.6991669162641231,False,0.6916666661667015,False,121,119
chipstain_nll+tta,2,23,1,0.021994175389409,0.6059243409513595,False,0.7272727267800734,False,29,37
chipstain_nll+tta,2,23,10,0.02359907515347,0.5843552293368101,False,0.7076923071981064,False,29,36
chipstain_nll+tta,2,23,50,0.0262685138732194,0.6486909624477908,False,0.8139534878731746,False,41,45
chipstain_nll+tta,2,23,100,0.0291918776929378,0.6262492201988898,False,0.6363636358636363,False,55,55
chipstain_nll+tta,2,23,150,0.0353741832077503,0.6450711255947453,False,0.5810810805811724,False,75,73
chipstain_nll+tta,2,24,1,0.0264049898833036,0.727439233778792,False,0.9019607838139178,False,50,52
chipstain_nll+tta,2,24,10,0.0276451297104358,0.6845427630926549,False,0.8455284547848502,False,60,63
chipstain_nll+tta,2,24,50,0.0370737463235855,0.9155220695111403,False,0.8383233527934312,False,83,84
chipstain_nll+tta,2,24,100,0.0413440279662609,0.8869475799433001,False,0.5863453810290157,False,115,134
chipstain_nll+tta,2,24,150,0.0537374764680862,0.9799376632474356,False,0.5705882347975086,False,156,184
chipstain_nll+tta,2,3,1,0.0555687397718429,1.5308804002702034,False,0.6808510633430913,False,82,59
chipstain_nll+tta,2,3,10,0.0449770241975784,1.1137114111015747,False,0.731707316573997,False,59,64
chipstain_nll+tta,2,3,50,0.0894472226500511,2.20886515427499,True,0.6461538456681657,False,114,81
chipstain_nll+tta,2,3,100,0.0513463988900184,1.1015270275907731,False,0.682539682039966,False,123,129
chipstain_nll+tta,2,3,150,0.0635799765586853,1.159422022640873,False,0.6949152537374318,False,174,180
chipstain_nll+tta,2,4,1,0.0491230376064777,1.3533057575582812,False,0.8976377947758694,False,65,62
chipstain_nll+tta,2,4,10,0.0484857261180877,1.2005931343089453,False,0.7971014487753623,False,69,69
chipstain_nll+tta,2,4,50,0.0401949137449264,0.9925981122702421,False,0.8502415453937314,False,103,104
chipstain_nll+tta,2,4,100,0.050427671521902,1.0818176994033142,False,0.765100670640962,False,148,150
chipstain_nll+tta,2,4,150,0.0550366044044494,1.0036281019857576,False,0.6428571423579758,False,188,204
chipstain_nll+tta,2,5,1,0.0349229611456394,0.9621034588289736,False,0.7999999995031999,False,46,54
chipstain_nll+tta,2,5,10,0.034544751048088,0.8553897044613746,False,0.8108108103108514,False,55,56
chipstain_nll+tta,2,5,50,0.037798274308443,0.9334140126216611,False,0.762589927558201,False,67,72
chipstain_nll+tta,2,5,100,0.0496052131056785,1.0641736154144796,False,0.6607142852142857,False,112,112
chipstain_nll+tta,2,5,150,0.0532689206302166,0.9713932442861998,False,0.6477987416383647,False,159,159
chipstain_nll+tta,2,6,1,0.0271338000893592,0.7475174515780151,False,0.9148936165215028,False,48,46
chipstain_nll+tta,2,6,10,0.0307913571596145,0.7624489713086261,False,0.8490566032737629,False,52,54
chipstain_nll+tta,2,6,50,0.0331589467823505,0.8188475833011342,False,0.7571428566444898,False,66,74
chipstain_nll+tta,2,6,100,0.03986232355237,0.8551607848791061,False,0.5673076918093565,False,98,110
chipstain_nll+tta,2,6,150,0.039533857256174,0.7209254740828832,False,0.7022900758369267,False,125,137
chipstain_nll+tta,2,7,1,0.0362985506653785,1.0,False,0.7843137249950018,False,23,28
chipstain_nll+tta,2,7,10,0.0406384170055389,1.0062797518429367,False,0.7272727267731863,False,34,32
chipstain_nll+tta,2,7,50,0.037945557385683,0.9370511122150451,False,0.6329113919057843,False,38,41
chipstain_nll+tta,2,7,100,0.0377369634807109,0.8095657360946844,False,0.5619834705744142,False,60,61
chipstain_nll+tta,2,7,150,0.0388535298407077,0.7085192633418348,False,0.5747126431813978,False,80,94
chipstain_nll+tta,2,8,1,0.0362983606755733,0.9999947659120897,False,0.8244274804160597,False,65,66
chipstain_nll+tta,2,8,10,0.043011900037527,1.0650514288033577,False,0.846715327967393,False,70,67
chipstain_nll+tta,2,8,50,0.0426898822188377,1.0542104101120486,False,0.7272727267729855,False,90,86
chipstain_nll+tta,2,8,100,0.046613834798336,1.0,False,0.6070038905509546,False,125,132
chipstain_nll+tta,2,8,150,0.0556779541075229,1.0153235289142537,False,0.5878787873790816,False,161,169
chipstain_nll+tta,2,9,1,0.0564021654427051,1.5538407018686118,True,0.7423580781028584,False,117,112
chipstain_nll+tta,2,9,10,0.0491123646497726,1.2161098230144418,False,0.8340425526917156,False,115,120
chipstain_nll+tta,2,9,50,0.058711539953947,1.4498591562252747,False,0.8101265817789817,False,153,163
chipstain_nll+tta,2,9,100,0.0677867084741592,1.4542186620650874,False,0.7441860460116481,False,238,235
chipstain_nll+tta,2,9,150,0.0897171050310134,1.6360494767488492,True,0.6656580932993927,False,309,352
baseline_unet+tta,0,0,1,0.0038613597862422,1.1580393007108896,False,0.7947019862560413,False,72,79
baseline_unet+tta,0,0,10,0.0040480489842593,1.0,False,0.7402597397618484,False,72,82
baseline_unet+tta,0,0,50,0.0052528041414916,1.0454893014544406,False,0.7659574463112833,False,87,101
baseline_unet+tta,0,0,100,0.006627099122852,1.0,False,0.6666666661685409,False,138,156
baseline_unet+tta,0,0,150,0.0086694685742259,1.0633237492102572,False,0.5807962524297068,False,199,228
baseline_unet+tta,0,1,1,0.0066920407116413,2.006973339715567,True,0.8167938926316356,False,123,139
baseline_unet+tta,0,1,10,0.0076640690676867,1.8932747843438085,True,0.8701754380967928,False,139,146
baseline_unet+tta,0,1,50,0.0114691210910677,2.2827509030998843,True,0.6684350127641507,False,178,199
baseline_unet+tta,0,1,100,0.011799787171185,1.7805357898595775,True,0.6343906505863138,False,285,314
baseline_unet+tta,0,1,150,0.0160606894642114,1.969868440005484,True,0.4638069700227559,True,312,434
baseline_unet+tta,0,10,1,0.0068565346300601,2.0563058113841244,True,0.808864265428442,False,175,186
baseline_unet+tta,0,10,10,0.0086491974070668,2.1366335834123813,True,0.7817258878248861,False,198,196
baseline_unet+tta,0,10,50,0.0102858981117606,2.047248696510977,True,0.7606177601178798,False,255,263
baseline_unet+tta,0,10,100,0.0138169238343834,2.084912806983522,True,0.574931879611312,False,342,392
baseline_unet+tta,0,10,150,0.0162707772105932,1.9956360275148226,True,0.4582893342505662,True,409,538
baseline_unet+tta,0,11,1,0.0061640366911888,1.8486225409125365,True,0.8413793098450416,False,142,148
baseline_unet+tta,0,11,10,0.008779514580965,2.168826171596204,True,0.8231707312073914,False,162,166
baseline_unet+tta,0,11,50,0.0089787254109978,1.7870762177760777,True,0.7765726676129889,False,226,235
baseline_unet+tta,0,11,100,0.011998513713479,1.8105227477441728,True,0.6068759337318935,False,315,354
baseline_unet+tta,0,11,150,0.0138919232413172,1.7038659034550423,True,0.4467532462670636,True,321,449
baseline_unet+tta,0,12,1,0.0048338677734136,1.4496988537554718,False,0.8599033811434571,False,99,108
baseline_unet+tta,0,12,10,0.005172814708203,1.2778537829747894,False,0.8765957441810773,False,115,120
baseline_unet+tta,0,12,50,0.0070108994841575,1.3954109475282526,False,0.8294314376270958,False,149,150
baseline_unet+tta,0,12,100,0.0098473029211163,1.4859145364462982,False,0.7438752778964985,False,222,227
baseline_unet+tta,0,12,150,0.0145351719111204,1.7827613491670333,True,0.5022156568138781,False,316,361
baseline_unet+tta,0,13,1,0.002352952491492,0.7056611164703392,False,0.7941176465605536,False,36,32
baseline_unet+tta,0,13,10,0.0027051125653088,0.6682509465244956,False,0.888888888390432,False,38,34
baseline_unet+tta,0,13,50,0.0038381740450859,0.7639290925699632,False,0.7238095233095692,False,53,52
baseline_unet+tta,0,13,100,0.0051616453565657,0.7788694964237028,False,0.5569620248165358,False,80,78
baseline_unet+tta,0,13,150,0.0063937208615243,0.7841997672258594,False,0.5374449334211803,False,110,117
baseline_unet+tta,0,14,1,0.0024891979992389,0.7465217617482988,False,0.8064516124053068,False,33,29
baseline_unet+tta,0,14,10,0.0030472583603113,0.752772106306139,False,0.776119402485186,False,34,33
baseline_unet+tta,0,14,50,0.0038452290464192,0.765333281307451,False,0.5476190471190476,False,42,42
baseline_unet+tta,0,14,100,0.0050007696263492,0.7545940589760031,False,0.48062015453903,True,66,63
baseline_unet+tta,0,14,150,0.0056237112730741,0.6897568984953706,False,0.5280898871405125,False,90,88
baseline_unet+tta,0,15,1,0.0025375206023454,0.7610139294321705,False,0.7032967027982128,False,43,48
baseline_unet+tta,0,15,10,0.0031221022363752,0.7712609823930955,False,0.7415730332109581,False,41,48
baseline_unet+tta,0,15,50,0.0055160936899483,1.0978930078713498,False,0.6274509798990772,False,45,57
baseline_unet+tta,0,15,100,0.0056768474169075,0.856611212790257,False,0.6666666661692511,False,71,82
baseline_unet+tta,0,15,150,0.0059728636406362,0.7325809771967482,False,0.4954128435438093,True,96,122
baseline_unet+tta,0,16,1,0.0025395590346306,0.7616252645132758,False,0.7415730332094431,False,42,47
baseline_unet+tta,0,16,10,0.0026906991843134,0.6646903717756607,False,0.7640449433202878,False,44,45
baseline_unet+tta,0,16,50,0.0036708251573145,0.7306208885969103,False,0.7777777772779038,False,62,64
baseline_unet+tta,0,16,100,0.0056733707897365,0.8560866050989351,False,0.5222222217244444,False,84,96
baseline_unet+tta,0,16,150,0.0064384220167994,0.7896824331602466,False,0.5577689238104157,False,110,141
baseline_unet+tta,0,17,1,0.0019492206629365,0.5845801112552986,False,0.6666666661716666,False,27,33
baseline_unet+tta,0,17,10,0.0022421302273869,0.5538792233259396,False,0.7187499995043944,False,29,35
baseline_unet+tta,0,17,50,0.0026205393951386,0.5215777759570742,False,0.823529411266436,False,32,36
baseline_unet+tta,0,17,100,0.0034154979512095,0.5153835619316384,False,0.6296296291339162,False,49,59
baseline_unet+tta,0,17,150,0.0050168973393738,0.6153302296020191,False,0.5365853653555176,False,77,87
baseline_unet+tta,0,18,1,0.0041600936092436,1.2476309281784508,False,0.8414634141348155,False,79,85
baseline_unet+tta,0,18,10,0.004934751894325,1.2190445109517236,False,0.793296088885865,False,87,92
baseline_unet+tta,0,18,50,0.0073079224675893,1.454528771665485,False,0.6859903376651963,False,99,108
baseline_unet+tta,0,18,100,0.0069449790753424,1.047966681438982,False,0.6463414629153034,False,158,170
baseline_unet+tta,0,18,150,0.0099235782399773,1.2171422422690052,False,0.6403712292003381,False,202,229
baseline_unet+tta,0,19,1,0.0053680669516325,1.6099076084509203,True,0.8775510199082153,False,99,97
baseline_unet+tta,0,19,10,0.0053817285224795,1.3294623023106111,False,0.8744186041514332,False,105,110
baseline_unet+tta,0,19,50,0.0069457544013857,1.3824448278623211,False,0.7845659158987189,False,155,156
baseline_unet+tta,0,19,100,0.0104318419471383,1.5741188948217986,True,0.695652173413486,False,212,225
baseline_unet+tta,0,19,150,0.0129289319738745,1.5857535328769714,True,0.5960912047138485,False,287,327
baseline_unet+tta,0,2,1,0.0045584505423903,1.3670999778997872,False,0.7798742133374469,False,76,83
baseline_unet+tta,0,2,10,0.0045261145569384,1.1180977736529478,False,0.7904191611780989,False,79,88
baseline_unet+tta,0,2,50,0.0062862578779459,1.251182260092772,False,0.77981651326151,False,108,110
baseline_unet+tta,0,2,100,0.0083416439592838,1.2587172463619252,False,0.6865671636814614,False,156,179
baseline_unet+tta,0,2,150,0.0117323035374283,1.43898520162811,False,0.6421267888678117,False,230,259
baseline_unet+tta,0,20,1,0.0049817585386335,1.4940519645293118,False,0.8520179367205453,False,107,116
baseline_unet+tta,0,20,10,0.0074867755174636,1.849477500538079,True,0.779220778721913,False,110,121
baseline_unet+tta,0,20,50,0.0082679605111479,1.6456094737997078,True,0.7724550893205206,False,164,170
baseline_unet+tta,0,20,100,0.0113590890541672,1.7140363896169954,True,0.636559139286891,False,218,247
baseline_unet+tta,0,20,150,0.0145876398310065,1.7891966208112968,True,0.4944532483184741,True,278,353
baseline_unet+tta,0,21,1,0.0028952367138117,0.8682946125354128,False,0.7123287666241321,False,35,38
baseline_unet+tta,0,21,10,0.0039909649640321,0.9858983869886039,False,0.7317073165743605,False,39,43
baseline_unet+tta,0,21,50,0.0041352356784045,0.8230546093684987,False,0.6842105258159433,False,56,58
baseline_unet+tta,0,21,100,0.0052083628252148,0.7859189561923074,False,0.6242774561494203,False,81,92
baseline_unet+tta,0,21,150,0.0069685941562056,0.8547088672690479,False,0.5267175567624265,False,112,150
baseline_unet+tta,0,22,1,0.0022126261610537,0.6635766139717416,False,0.7619047614079112,False,29,34
baseline_unet+tta,0,22,10,0.0019438654417172,0.48019810266028257,False,0.8181818176891643,False,29,37
baseline_unet+tta,0,22,50,0.0032747299410402,0.6517842710841792,False,0.7608695647211721,False,42,50
baseline_unet+tta,0,22,100,0.0041692145168781,0.6291160641466098,False,0.6242038211585054,False,73,84
baseline_unet+tta,0,22,150,0.0050776442512869,0.6227809324421468,False,0.6607929510430242,False,108,119
baseline_unet+tta,0,23,1,0.0021898581180721,0.6567483746901007,False,0.7076923072018934,False,28,37
baseline_unet+tta,0,23,10,0.0026274479459971,0.6490652549447502,False,0.6984126979229024,False,27,36
baseline_unet+tta,0,23,50,0.0035063901450484,0.697892646408935,False,0.6976744181057327,False,41,45
baseline_unet+tta,0,23,100,0.0040238457731902,0.60718056250508,False,0.62135922280328,False,48,55
baseline_unet+tta,0,23,150,0.0046189315617084,0.5665191105418945,False,0.5179856110120593,False,66,73
baseline_unet+tta,0,24,1,0.0029242534656077,0.8769968679114761,False,0.9215686269511726,False,50,52
baseline_unet+tta,0,24,10,0.0033059113193303,0.8166678150845562,False,0.9016393437628324,False,59,63
baseline_unet+tta,0,24,50,0.0046763569116592,0.9307564091917401,False,0.7738095233095238,False,84,84
baseline_unet+tta,0,24,100,0.0055397329851984,0.8359212503847916,False,0.570281124000903,False,115,134
baseline_unet+tta,0,24,150,0.0079084988683462,0.9699896360793747,False,0.5309734508310926,False,155,184
baseline_unet+tta,0,3,1,0.003334394423291,1.0,False,0.8034188029188397,False,58,59
baseline_unet+tta,0,3,10,0.0037507410161197,0.926555244441045,False,0.796747966980501,False,59,64
baseline_unet+tta,0,3,50,0.0050115664489567,0.997474675388224,False,0.8124999995000781,False,79,81
baseline_unet+tta,0,3,100,0.0065246103331446,0.9845348941056288,False,0.6963562748046354,False,118,129
baseline_unet+tta,0,3,150,0.0093620028346776,1.1482641489562482,False,0.6379310339833532,False,168,180
baseline_unet+tta,0,4,1,0.003681190079078,1.104005588950307,False,0.9193548382096772,False,62,62
baseline_unet+tta,0,4,10,0.0044596064835786,1.1016681124461754,False,0.7794117642059905,False,67,69
baseline_unet+tta,0,4,50,0.0052252854220569,1.0400121266000713,False,0.8932038829951927,False,102,104
baseline_unet+tta,0,4,100,0.0076937684789299,1.1609556966485894,False,0.75585284230937,False,149,150
baseline_unet+tta,0,4,150,0.0089752301573753,1.1008258809932208,False,0.6356589142301544,False,183,204
baseline_unet+tta,0,5,1,0.0032996237277984,0.9895721108307631,False,0.7755102035868388,False,44,54
baseline_unet+tta,0,5,10,0.0041311145760118,1.0205199077569214,False,0.7850467284730545,False,51,56
baseline_unet+tta,0,5,50,0.0039256722666323,0.7813442582717393,False,0.7352941171487889,False,64,72
baseline_unet+tta,0,5,100,0.0067050079815089,1.0117561028155213,False,0.6517857137857143,False,112,112
baseline_unet+tta,0,5,150,0.0076998705044388,0.9444010440910329,False,0.628205127705313,False,153,159
baseline_unet+tta,0,6,1,0.0031504090875387,0.9448219639322966,False,0.8510638292874604,False,48,46
baseline_unet+tta,0,6,10,0.003254244569689,0.8039044444232316,False,0.7889908251881155,False,55,54
baseline_unet+tta,0,6,50,0.0042315074242651,0.84221600918818,False,0.7999999995016327,False,66,74
baseline_unet+tta,0,6,100,0.0061369407922029,0.9260372718798028,False,0.6502463049222258,False,93,110
baseline_unet+tta,0,6,150,0.0056073893792927,0.6877549929412693,False,0.6969696964704143,False,127,137
baseline_unet+tta,0,7,1,0.0025690810289233,0.770479044404007,False,0.8076923071952662,False,24,28
baseline_unet+tta,0,7,10,0.0024600219912827,0.6077055887535975,False,0.7741935478876171,False,30,32
baseline_unet+tta,0,7,50,0.0030481496360152,0.6066869709673213,False,0.6666666661710221,False,34,41
baseline_unet+tta,0,7,100,0.0040722438134253,0.6144836131065431,False,0.5862068960530618,False,55,61
baseline_unet+tta,0,7,150,0.0051958174444735,0.6372750576309613,False,0.5977011489285242,False,80,94
baseline_unet+tta,0,8,1,0.0035078953951597,1.052033727820795,False,0.8188976372960506,False,61,66
baseline_unet+tta,0,8,10,0.004464441910386,1.102862620424266,False,0.8656716412910447,False,67,67
baseline_unet+tta,0,8,50,0.005024254322052,1.0,False,0.7058823524412456,False,84,86
baseline_unet+tta,0,8,100,0.0067468648776412,1.018072123650032,False,0.6166007900147792,False,121,132
baseline_unet+tta,0,8,150,0.0081531787291169,1.0,False,0.5900621113024767,False,153,169
baseline_unet+tta,0,9,1,0.0054584732279181,1.6370208604567738,True,0.7850467284730545,False,102,112
baseline_unet+tta,0,9,10,0.0061453655362129,1.5181055269115922,False,0.7881355927204826,False,116,120
baseline_unet+tta,0,9,50,0.0080156102776527,1.5953830685822,True,0.8012820507830579,False,149,163
baseline_unet+tta,0,9,100,0.0102226370945572,1.542550806175032,False,0.7598253270112602,False,223,235
baseline_unet+tta,0,9,150,0.0130245340988039,1.5974792815825631,True,0.6526946102798952,False,316,352
baseline_unet+tta,1,0,1,0.0042763198725879,1.0929101185734968,False,0.7651006706427637,False,70,79
baseline_unet+tta,1,0,10,0.0044960398226976,1.0,False,0.7354838704694276,False,73,82
baseline_unet+tta,1,0,50,0.0048395777121186,0.9019364065785658,False,0.7553191484389429,False,87,101
baseline_unet+tta,1,0,100,0.0067802462726831,0.9672961440736003,False,0.6849315063516608,False,136,156
baseline_unet+tta,1,0,150,0.0091220056638121,1.005112129858789,False,0.597156397607511,False,194,228
baseline_unet+tta,1,1,1,0.0066481116227805,1.6990750641733081,True,0.8244274804178953,False,123,139
baseline_unet+tta,1,1,10,0.0087283039465546,1.9413315474856414,True,0.8292682921830786,False,141,146
baseline_unet+tta,1,1,50,0.0128953866660594,2.403271401532097,True,0.6896551719153444,False,178,199
baseline_unet+tta,1,1,100,0.0118300421163439,1.6877195404348386,True,0.6455906816973486,False,287,314
baseline_unet+tta,1,1,150,0.0204304177314043,2.2511343926676535,True,0.4699599461080818,True,315,434
baseline_unet+tta,1,10,1,0.0075858361087739,1.9387317338592713,True,0.8508287287821494,False,176,186
baseline_unet+tta,1,10,10,0.0089155277237296,1.9829734778417358,True,0.7999999995000289,False,199,196
baseline_unet+tta,1,10,50,0.0105505753308534,1.9662765157005044,True,0.7609942633623491,False,260,263
baseline_unet+tta,1,10,100,0.0169642604887485,2.4201869811039987,True,0.6244952888689518,False,351,392
baseline_unet+tta,1,10,150,0.0206707883626222,2.2776197343790026,True,0.4644351459513927,True,418,538
baseline_unet+tta,1,11,1,0.0062934244051575,1.6084267355593245,True,0.8482758615691793,False,142,148
baseline_unet+tta,1,11,10,0.0096442652866244,2.1450577990739177,True,0.7939393934394122,False,164,166
baseline_unet+tta,1,11,50,0.0092466389760375,1.7232661250780208,True,0.785087718798717,False,221,235
baseline_unet+tta,1,11,100,0.0126422634348273,1.8035941735832985,True,0.6101190471204825,False,318,354
baseline_unet+tta,1,11,150,0.0174258444458246,1.9200741888392119,True,0.4847715731138041,True,339,449
baseline_unet+tta,1,12,1,0.0054167294874787,1.3843675503297415,False,0.8612440186393168,False,101,108
baseline_unet+tta,1,12,10,0.0053535248152911,1.1907200617451414,False,0.893617020776822,False,115,120
baseline_unet+tta,1,12,50,0.0072579435072839,1.3526393986231027,False,0.8262295076968557,False,155,150
baseline_unet+tta,1,12,100,0.0099305817857384,1.4167351868107056,False,0.768539325342901,False,218,227
baseline_unet+tta,1,12,150,0.014715326949954,1.6214146490735362,True,0.5313432830851014,False,309,361
baseline_unet+tta,1,13,1,0.0033033075742423,0.8442348515114907,False,0.7647058818546713,False,36,32
baseline_unet+tta,1,13,10,0.0035734730772674,0.7948045876344876,False,0.8767123282694689,False,39,34
baseline_unet+tta,1,13,50,0.0042336462065577,0.7890109165322259,False,0.6981132070473478,False,54,52
baseline_unet+tta,1,13,100,0.0050130384042859,0.7151794379645339,False,0.6025641020641025,False,78,78
baseline_unet+tta,1,13,150,0.0067351115867495,0.7421111761254264,False,0.553571428072425,False,107,117
baseline_unet+tta,1,14,1,0.002444603247568,0.6247735681072536,False,0.8064516124053068,False,33,29
baseline_unet+tta,1,14,10,0.0038058413192629,0.8464874577065947,False,0.7575757570757575,False,33,33
baseline_unet+tta,1,14,50,0.0038752530235797,0.7222183410585437,False,0.5647058818530104,False,43,42
baseline_unet+tta,1,14,100,0.0047215991653501,0.6736015895034652,False,0.507692307192781,False,67,63
baseline_unet+tta,1,14,150,0.0063670091331005,0.7015516484481793,False,0.5649717509124452,False,89,88
baseline_unet+tta,1,15,1,0.0026300563476979,0.6721702960629978,False,0.7045454540495868,False,40,48
baseline_unet+tta,1,15,10,0.0038124546408653,0.847958379198218,False,0.7111111106133333,False,42,48
baseline_unet+tta,1,15,50,0.007742267102003,1.442901216621874,False,0.590476189979864,False,48,57
baseline_unet+tta,1,15,100,0.005974983330816,0.8524142198326435,False,0.6538461533474688,False,74,82
baseline_unet+tta,1,15,150,0.0063155591487884,0.6958826097280778,False,0.5610859723560943,False,99,122
baseline_unet+tta,1,16,1,0.0030045821331441,0.767888818712504,False,0.7586206891584092,False,40,47
baseline_unet+tta,1,16,10,0.0032722761388868,0.7278129794062749,False,0.7640449433202878,False,44,45
baseline_unet+tta,1,16,50,0.0035495241172611,0.661513300916693,False,0.7401574798149916,False,63,64
baseline_unet+tta,1,16,100,0.0072092330083251,1.0284970501405446,False,0.5599999995047182,False,79,96
baseline_unet+tta,1,16,150,0.0067249867133796,0.7409955625846738,False,0.5555555550626416,False,111,141
baseline_unet+tta,1,17,1,0.0027239392511546,0.6961641922648721,False,0.6666666661716666,False,27,33
baseline_unet+tta,1,17,10,0.0028172710444778,0.6266116750690728,False,0.7619047614109347,False,28,35
baseline_unet+tta,1,17,50,0.0027003618888556,0.5032576896941545,False,0.7941176465605536,False,32,36
baseline_unet+tta,1,17,100,0.0033727826084941,0.4811742052997441,False,0.6915887845520132,False,48,59
baseline_unet+tta,1,17,150,0.0058794473297894,0.6478294407863373,False,0.533333332834821,False,78,87
baseline_unet+tta,1,18,1,0.0045378883369266,1.159759846819503,False,0.8363636358640955,False,80,85
baseline_unet+tta,1,18,10,0.0051173833198845,1.1381979523513421,False,0.8202247186016915,False,86,92
baseline_unet+tta,1,18,50,0.0084401285275816,1.5729593877924772,True,0.6956521734139886,False,99,108
baseline_unet+tta,1,18,100,0.0070094834081828,1.0,False,0.674772035974723,False,159,170
baseline_unet+tta,1,18,150,0.010282970033586,1.1330334898534247,False,0.6526806521829375,False,200,229
baseline_unet+tta,1,19,1,0.005342649295926,1.365434684373479,False,0.8877551015408683,False,99,97
baseline_unet+tta,1,19,10,0.0057649295777082,1.2822238692381673,False,0.8691588780050659,False,104,110
baseline_unet+tta,1,19,50,0.0072563900612294,1.352349887918749,False,0.7922077917078765,False,152,156
baseline_unet+tta,1,19,100,0.0104578752070665,1.491960904687795,False,0.7101123590506249,False,220,225
baseline_unet+tta,1,19,150,0.0145766586065292,1.6061354178232625,True,0.6096774188563423,False,293,327
baseline_unet+tta,1,2,1,0.0049603339284658,1.267725358122696,False,0.7672955969852459,False,76,83
baseline_unet+tta,1,2,10,0.005015994887799,1.1156473442420336,False,0.8023952090822906,False,79,88
baseline_unet+tta,1,2,50,0.0062880404293537,1.1718817067593426,False,0.7727272722272727,False,110,110
baseline_unet+tta,1,2,100,0.008881757967174,1.267105926351937,False,0.6823529406778719,False,161,179
baseline_unet+tta,1,2,150,0.011713346466422,1.2906401342574139,False,0.6293995854239506,False,224,259
baseline_unet+tta,1,20,1,0.0050793197005987,1.2981348593304787,False,0.8839285709292092,False,108,116
baseline_unet+tta,1,20,10,0.0077982787042856,1.7344772314776062,True,0.8534482753629979,False,111,121
baseline_unet+tta,1,20,50,0.0097730467095971,1.8213710275807782,True,0.7976190471191184,False,166,170
baseline_unet+tta,1,20,100,0.0144373141229152,2.059683043983131,True,0.6274509798950639,False,212,247
baseline_unet+tta,1,20,150,0.0179199520498514,1.9745176483771725,True,0.497695852038131,True,298,353
baseline_unet+tta,1,21,1,0.0033812823239713,0.864163059763248,False,0.7222222217237654,False,34,38
baseline_unet+tta,1,21,10,0.0054646376520395,1.215433552090014,False,0.7469879513078821,False,40,43
baseline_unet+tta,1,21,50,0.0062539065256714,1.1655202818043053,False,0.6440677961103131,False,60,58
baseline_unet+tta,1,21,100,0.0050598229281604,0.7218538989982649,False,0.6358381497910387,False,81,92
baseline_unet+tta,1,21,150,0.006932770833373,0.7638903454969357,False,0.5114503811899073,False,112,150
baseline_unet+tta,1,22,1,0.0025482391938567,0.6512600746646584,False,0.7741935478917793,False,28,34
baseline_unet+tta,1,22,10,0.0025121748913079,0.5587528114465429,False,0.7761194024905326,False,30,37
baseline_unet+tta,1,22,50,0.0030126124620437,0.5614508165920145,False,0.8172043005781016,False,43,50
baseline_unet+tta,1,22,100,0.0046147657558321,0.6583603223091832,False,0.6578947363476454,False,68,84
baseline_unet+tta,1,22,150,0.0052513540722429,0.5786227142056958,False,0.69868995583265,False,110,119
baseline_unet+tta,1,23,1,0.0023246644996106,0.594120512405798,False,0.6984126979279416,False,26,37
baseline_unet+tta,1,23,10,0.00246143178083,0.5474666323914262,False,0.6984126979229024,False,27,36
baseline_unet+tta,1,23,50,0.0028424474876374,0.5297377220471674,False,0.7294117642076123,False,40,45
baseline_unet+tta,1,23,100,0.00548444269225,0.7824317960218748,False,0.613861385642584,False,46,55
baseline_unet+tta,1,23,150,0.0048213619738817,0.5312438493228535,False,0.5179856110120593,False,66,73
baseline_unet+tta,1,24,1,0.0031112201977521,0.7951425844053515,False,0.9411764700884276,False,50,52
baseline_unet+tta,1,24,10,0.0034198043867945,0.7606259111696737,False,0.8760330573520935,False,58,63
baseline_unet+tta,1,24,50,0.0045914161019027,0.8556873319106655,False,0.8554216862470605,False,82,84
baseline_unet+tta,1,24,100,0.0057150279171764,0.8153279755972793,False,0.6209677414387356,False,114,134
baseline_unet+tta,1,24,150,0.0078792497515678,0.8681785334671744,False,0.5621301770187318,False,154,184
baseline_unet+tta,1,3,1,0.0039127827621996,1.0,False,0.7964601764921293,False,54,59
baseline_unet+tta,1,3,10,0.0042048278264701,0.9352292222241098,False,0.7768595036339048,False,57,64
baseline_unet+tta,1,3,50,0.0053657637909054,1.0,False,0.7721518982344976,False,77,81
baseline_unet+tta,1,3,100,0.0067556658759713,0.9637894096567522,False,0.6963562748046354,False,118,129
baseline_unet+tta,1,3,150,0.0099732847884297,1.0989106874987056,False,0.6267806262809554,False,171,180
baseline_unet+tta,1,4,1,0.0037383502349257,0.9554198283229397,False,0.926829267792716,False,61,62
baseline_unet+tta,1,4,10,0.0043231211602687,0.9615397840659807,False,0.7883211673832383,False,68,69
baseline_unet+tta,1,4,50,0.0054793008603155,1.021159535498476,False,0.8173076918076922,False,104,104
baseline_unet+tta,1,4,100,0.0075701810419559,1.0799912919572001,False,0.7692307687307748,False,149,150
baseline_unet+tta,1,4,150,0.0097016962245106,1.0689855844033473,False,0.6272493568276709,False,185,204
baseline_unet+tta,1,5,1,0.0044069737195968,1.1263016598241673,False,0.7799999995032,False,46,54
baseline_unet+tta,1,5,10,0.0050104218535125,1.1144078013317673,False,0.7818181813183471,False,54,56
baseline_unet+tta,1,5,50,0.0043744249269366,0.815247390194654,False,0.7647058818546713,False,64,72
baseline_unet+tta,1,5,100,0.0075679114088416,1.0796674973232545,False,0.6577777772777876,False,113,112
baseline_unet+tta,1,5,150,0.0082022119313478,0.9037642605918883,False,0.6366559480533079,False,152,159
baseline_unet+tta,1,6,1,0.0037418804131448,0.9563220450913236,False,0.8817204296075847,False,47,46
baseline_unet+tta,1,6,10,0.0035767029039561,0.7955229590938315,False,0.8380952375956462,False,51,54
baseline_unet+tta,1,6,50,0.0048170862719416,0.8977447497980119,False,0.8226950349622252,False,67,74
baseline_unet+tta,1,6,100,0.0061620934866368,0.87910807798521,False,0.6169154223900398,False,91,110
baseline_unet+tta,1,6,150,0.0057222545146942,0.6305090826324696,False,0.7404580147682244,False,125,137
baseline_unet+tta,1,7,1,0.0032380996271967,0.8275694880071435,False,0.7547169806336775,False,25,28
baseline_unet+tta,1,7,10,0.0032711194362491,0.7275557079666715,False,0.7741935478876171,False,30,32
baseline_unet+tta,1,7,50,0.0036744968965649,0.6848040725894269,False,0.6052631573978533,False,35,41
baseline_unet+tta,1,7,100,0.0041300319135189,0.5892063184995263,False,0.6153846148855284,False,56,61
baseline_unet+tta,1,7,150,0.0050226072780787,0.5534181499953436,False,0.5649717509143606,False,83,94
baseline_unet+tta,1,8,1,0.0042327907867729,1.0817852776455712,False,0.8124999995004882,False,62,66
baseline_unet+tta,1,8,10,0.0051580746658146,1.1472484384535062,False,0.8656716412910447,False,67,67
baseline_unet+tta,1,8,50,0.0048874225467443,0.9108530932778189,False,0.7719298240614207,False,85,86
baseline_unet+tta,1,8,100,0.0079952022060751,1.1406264542607494,False,0.6374501987045285,False,119,132
baseline_unet+tta,1,8,150,0.0090756099671125,1.0,False,0.6114649676557873,False,145,169
baseline_unet+tta,1,9,1,0.0058201677165925,1.4874753009085147,False,0.7887323938675307,False,101,112
baseline_unet+tta,1,9,10,0.0061405580490827,1.3657703871044446,False,0.8220338978052284,False,116,120
baseline_unet+tta,1,9,50,0.0080513209104537,1.5004985728406706,False,0.7834394899465901,False,151,163
baseline_unet+tta,1,9,100,0.0107463672757148,1.5331182984425928,False,0.7434782603698015,False,225,235
baseline_unet+tta,1,9,150,0.0134730702266097,1.4845360560262484,False,0.6883308709926712,False,325,352
baseline_unet+tta,2,0,1,0.0034603748936206,1.0534593403895471,False,0.693877550523208,False,68,79
baseline_unet+tta,2,0,10,0.0036047722678631,1.0402166032431492,False,0.5890410953980109,False,64,82
baseline_unet+tta,2,0,50,0.004553428851068,1.0,False,0.5683060104343515,False,82,101
baseline_unet+tta,2,0,100,0.0061848298646509,1.0279887286583196,False,0.4710144922621299,True,120,156
baseline_unet+tta,2,0,150,0.0080477073788642,1.0285007626428144,False,0.4506329109043294,True,167,228
baseline_unet+tta,2,1,1,0.0056869825348258,1.73131670819518,True,0.7307692302716271,False,121,139
baseline_unet+tta,2,1,10,0.0071182898245751,2.0541001516884143,True,0.7083333328334298,False,142,146
baseline_unet+tta,2,1,50,0.0088575240224599,1.945242653870035,True,0.5744680846080947,False,177,199
baseline_unet+tta,2,1,100,0.0110311210155487,1.8334971723737228,True,0.444444443952313,True,244,314
baseline_unet+tta,2,1,150,0.0111884577199816,1.429890123492789,False,0.2455621297178495,True,242,434
baseline_unet+tta,2,10,1,0.0069127632305026,2.104487293125306,True,0.7236467231485133,False,165,186
baseline_unet+tta,2,10,10,0.0085339909419417,2.462624102186844,True,0.6963350780343741,False,186,196
baseline_unet+tta,2,10,50,0.0110653778538107,2.4301198537922324,True,0.6135458162342105,False,239,263
baseline_unet+tta,2,10,100,0.0126168215647339,2.0970585519528684,True,0.3870014766173644,True,285,392
baseline_unet+tta,2,10,150,0.0135862324386835,1.7363268527043094,True,0.27586206849355,True,332,538
baseline_unet+tta,2,11,1,0.0060139615088701,1.830860562519458,True,0.7404844285660372,False,141,148
baseline_unet+tta,2,11,10,0.0071060429327189,2.0505661086753464,True,0.7272727267727456,False,164,166
baseline_unet+tta,2,11,50,0.0096694864332675,2.1235615509836143,True,0.628959275520106,False,207,235
baseline_unet+tta,2,11,100,0.0114839514717459,1.908762719713108,True,0.4077669898018664,True,264,354
baseline_unet+tta,2,11,150,0.0111246509477496,1.421735588193116,False,0.1954674216332969,True,257,449
baseline_unet+tta,2,12,1,0.0045033427886664,1.370975304566719,False,0.7317073165746102,False,97,108
baseline_unet+tta,2,12,10,0.0048973546363413,1.4132126043324036,False,0.7777777772781065,False,114,120
baseline_unet+tta,2,12,50,0.0066618206910789,1.4630338825907823,False,0.641379309845422,False,140,150
baseline_unet+tta,2,12,100,0.0097166309133172,1.615014038868291,True,0.535211267107794,False,199,227
baseline_unet+tta,2,12,150,0.0124070849269628,1.5856312498475023,True,0.3282571907259198,True,230,361
baseline_unet+tta,2,13,1,0.0022142850793898,0.6741059483088918,False,0.7999999995001184,False,33,32
baseline_unet+tta,2,13,10,0.0025141104124486,0.7254881027382657,False,0.7499999995015431,False,38,34
baseline_unet+tta,2,13,50,0.0033169069793075,0.7284415959479688,False,0.621359222801018,False,51,52
baseline_unet+tta,2,13,100,0.0043672965839505,0.7258941250217407,False,0.4399999995008,True,72,78
baseline_unet+tta,2,13,150,0.005604900419712,0.7163088920641653,False,0.461538461046274,True,91,117
baseline_unet+tta,2,14,1,0.0022521382197737,0.6856297703011306,False,0.6101694910255674,False,30,29
baseline_unet+tta,2,14,10,0.0024191178381443,0.6980764257629772,False,0.5937499995004882,False,31,33
baseline_unet+tta,2,14,50,0.002925734501332,0.6425343619118532,False,0.4691358019698217,True,39,42
baseline_unet+tta,2,14,100,0.0038556267973035,0.640848814968121,False,0.4067796605192473,True,55,63
baseline_unet+tta,2,14,150,0.004964888561517,0.6345150775943723,False,0.3870967737027263,True,67,88
baseline_unet+tta,2,15,1,0.0027114280965179,0.8254536984814368,False,0.6741573028738794,False,41,48
baseline_unet+tta,2,15,10,0.0027547581121325,0.7949309729509397,False,0.6117647053907266,False,37,48
baseline_unet+tta,2,15,50,0.0033841598778963,0.7432113224087272,False,0.4848484843599633,True,42,57
baseline_unet+tta,2,15,100,0.0041870935820043,0.6959423464077719,False,0.499999999509645,True,62,82
baseline_unet+tta,2,15,150,0.0052655846811831,0.6729441821630285,False,0.356435643085972,True,80,122
baseline_unet+tta,2,16,1,0.0024036255199462,0.7317478113293789,False,0.6744186041554894,False,39,47
baseline_unet+tta,2,16,10,0.002576217520982,0.7434101351650644,False,0.767441859966198,False,41,45
baseline_unet+tta,2,16,50,0.0034352699294686,0.7544358420496375,False,0.5528455279561107,False,59,64
baseline_unet+tta,2,16,100,0.004787293728441,0.7957024043201858,False,0.4342857137904327,True,79,96
baseline_unet+tta,2,16,150,0.0059344791807234,0.7584292116897702,False,0.3430962338258083,True,98,141
baseline_unet+tta,2,17,1,0.0018768243025988,0.5713710660332811,False,0.6551724133026159,False,25,33
baseline_unet+tta,2,17,10,0.0019936969038099,0.5753141854941385,False,0.7741935478954214,False,27,35
baseline_unet+tta,2,17,50,0.0022103078663349,0.4854161421269327,False,0.6268656711445756,False,31,36
baseline_unet+tta,2,17,100,0.0027807888109236,0.46219857570325995,False,0.3838383833568003,True,40,59
baseline_unet+tta,2,17,150,0.0037148273549973,0.47475667141370903,False,0.3333333328673598,True,51,87
baseline_unet+tta,2,18,1,0.0037605639081448,1.1448473925384208,False,0.7547169806344686,False,74,85
baseline_unet+tta,2,18,10,0.0041683022864162,1.2028325018814143,False,0.6904761899807256,False,76,92
baseline_unet+tta,2,18,50,0.0049679987132549,1.0910456440072986,False,0.5656565651606978,False,90,108
baseline_unet+tta,2,18,100,0.0067019471898674,1.113939481282055,False,0.5333333328364827,False,145,170
baseline_unet+tta,2,18,150,0.0082219429314136,1.0507681476557424,False,0.4915662645656089,True,186,229
baseline_unet+tta,2,19,1,0.0052762697450816,1.6062813470349986,True,0.8061224484796439,False,99,97
baseline_unet+tta,2,19,10,0.0051841964013874,1.4959855354172846,False,0.7751196167262653,False,99,110
baseline_unet+tta,2,19,50,0.0070159495808184,1.5408057993862843,False,0.6491803273691158,False,149,156
baseline_unet+tta,2,19,100,0.0097719766199588,1.6242131217618032,True,0.4691943122984097,True,197,225
baseline_unet+tta,2,19,150,0.0110238380730152,1.408851655705603,False,0.3698384196228835,True,230,327
baseline_unet+tta,2,2,1,0.0046496540307998,1.4155175722018183,False,0.6415094334632332,False,76,83
baseline_unet+tta,2,2,10,0.0045876302756369,1.3238365221577104,False,0.6909090904113131,False,77,88
baseline_unet+tta,2,2,50,0.0058892066590487,1.2933564686461272,False,0.6066350705909571,False,101,110
baseline_unet+tta,2,2,100,0.0079203993082046,1.316460014824847,False,0.4731861193821811,True,138,179
baseline_unet+tta,2,2,150,0.0104295592755079,1.3329025477566785,False,0.4269662916482868,True,186,259
baseline_unet+tta,2,20,1,0.0050226002931594,1.5290554794009472,False,0.7174887887384825,False,107,116
baseline_unet+tta,2,20,10,0.0058581829071044,1.6904754786125764,True,0.6578947363439904,False,107,121
baseline_unet+tta,2,20,50,0.0076135438866913,1.6720463052597285,True,0.5203761750507561,False,149,170
baseline_unet+tta,2,20,100,0.0097377384081482,1.618522343421743,True,0.4359550556858376,True,198,247
baseline_unet+tta,2,20,150,0.0106571586802601,1.3619898580109595,False,0.2517985606874709,True,203,353
baseline_unet+tta,2,21,1,0.0024671384599059,0.7510833752185678,False,0.6666666661718126,False,31,38
baseline_unet+tta,2,21,10,0.002778731752187,0.8018489629297212,False,0.5925925920944978,False,38,43
baseline_unet+tta,2,21,50,0.0035021277144551,0.7691187957474467,False,0.6181818176833057,False,52,58
baseline_unet+tta,2,21,100,0.0044984752312302,0.7476975009908853,False,0.4814814809907026,True,70,92
baseline_unet+tta,2,21,150,0.0058880378492176,0.7524939878274677,False,0.3873517781733819,True,103,150
baseline_unet+tta,2,22,1,0.0020540147088468,0.6253140329740879,False,0.7868852454082235,False,27,34
baseline_unet+tta,2,22,10,0.002010007854551,0.5800209798530597,False,0.749999999512207,False,27,37
baseline_unet+tta,2,22,50,0.0026252421084791,0.576541809336354,False,0.6444444439506173,False,40,50
baseline_unet+tta,2,22,100,0.0038589516188949,0.6414014379497641,False,0.5170068022312925,False,63,84
baseline_unet+tta,2,22,150,0.0051249735988676,0.6549740201542387,False,0.4766355135249803,True,95,119
baseline_unet+tta,2,23,1,0.0023071917239576,0.7023899855918567,False,0.7301587296739733,False,26,37
baseline_unet+tta,2,23,10,0.0024323388934135,0.7018915797259679,False,0.5396825391927438,False,27,36
baseline_unet+tta,2,23,50,0.002660896629095,0.5843720668811792,False,0.5365853653584176,False,37,45
baseline_unet+tta,2,23,100,0.0033753358293324,0.5610190197505361,False,0.4848484843546577,True,44,55
baseline_unet+tta,2,23,150,0.0042785489931702,0.5468005601243981,False,0.3664122132470136,True,58,73
baseline_unet+tta,2,24,1,0.0028628765139728,0.8715599022483205,False,0.6868686863699622,False,47,52
baseline_unet+tta,2,24,10,0.0028227863367646,0.8145616412686956,False,0.6446280986744074,False,58,63
baseline_unet+tta,2,24,50,0.0043329349718987,0.9515762985694651,False,0.4903225801486785,True,71,84
baseline_unet+tta,2,24,100,0.005118500906974,0.8507527862763054,False,0.3813559317125826,True,102,134
baseline_unet+tta,2,24,150,0.006648956798017,0.8497397849603155,False,0.3478260864831489,True,115,184
baseline_unet+tta,2,3,1,0.0032847730908542,1.0,False,0.7142857137871492,False,53,59
baseline_unet+tta,2,3,10,0.0034654054325073,1.0,False,0.716666666168889,False,56,64
baseline_unet+tta,2,3,50,0.0054276930168271,1.1920012795531094,False,0.6878980886724815,False,76,81
baseline_unet+tta,2,3,100,0.0059353727847337,0.9865261384091416,False,0.5316455691241787,False,108,129
baseline_unet+tta,2,3,150,0.0082810074090957,1.0583166154964945,False,0.4409937883268393,True,142,180
baseline_unet+tta,2,4,1,0.0035327433142811,1.075490822826491,False,0.8617886173862118,False,61,62
baseline_unet+tta,2,4,10,0.0040311464108526,1.163253907620262,False,0.7424242419252755,False,63,69
baseline_unet+tta,2,4,50,0.0049191238358616,1.0803120015167968,False,0.7326732668271738,False,98,104
baseline_unet+tta,2,4,100,0.0067783002741634,1.1266302281210574,False,0.5492957741494743,False,134,150
baseline_unet+tta,2,4,150,0.0079845283180475,1.0204264491552626,False,0.5013774099760034,False,159,204
baseline_unet+tta,2,5,1,0.0027350324671715,0.8326396958093258,False,0.7216494840425125,False,43,54
baseline_unet+tta,2,5,10,0.0032568392343819,0.9398147771776021,False,0.6213592228047883,False,47,56
baseline_unet+tta,2,5,50,0.003549454268068,0.7795124035451836,False,0.5581395343904813,False,57,72
baseline_unet+tta,2,5,100,0.0060164374299347,1.0,False,0.4549763028194334,True,99,112
baseline_unet+tta,2,5,150,0.0078246975317597,1.0,False,0.4228187914485609,True,139,159
baseline_unet+tta,2,6,1,0.0028684823773801,0.8732665234523569,False,0.8131868126868735,False,45,46
baseline_unet+tta,2,6,10,0.0030046184547245,0.8670323035046984,False,0.7169811315756496,False,52,54
baseline_unet+tta,2,6,50,0.0039474368095397,0.8669152277659582,False,0.6474820138905854,False,65,74
baseline_unet+tta,2,6,100,0.0053336014971137,0.886504939048554,False,0.4766839373336197,True,83,110
baseline_unet+tta,2,6,150,0.0056850314140319,0.7265496705728113,False,0.5461847384608635,False,112,137
baseline_unet+tta,2,7,1,0.0020324301440268,0.6187429352991533,False,0.6399999995071999,False,22,28
baseline_unet+tta,2,7,10,0.0023344694636762,0.6736497385782528,False,0.6896551719191439,False,26,32
baseline_unet+tta,2,7,50,0.0029822308570146,0.6549417932192182,False,0.4864864859923302,True,33,41
baseline_unet+tta,2,7,100,0.003850546432659,0.6400044008603264,False,0.4070796455208708,True,52,61
baseline_unet+tta,2,7,150,0.0045201936736702,0.5776828631807384,False,0.3809523804594671,True,74,94
baseline_unet+tta,2,8,1,0.0033435313962399,1.0178880865619915,False,0.666666666166937,False,63,66
baseline_unet+tta,2,8,10,0.0038946855347603,1.1238758669407425,False,0.626865671141791,False,67,67
baseline_unet+tta,2,8,50,0.0045732492581009,1.0043528531313828,False,0.5121951214524093,False,78,86
baseline_unet+tta,2,8,100,0.0060886368155479,1.0120003551028343,False,0.4876033052892562,True,110,132
baseline_unet+tta,2,8,150,0.0070252367295324,0.897828535993581,False,0.390728476328297,True,133,169
baseline_unet+tta,2,9,1,0.0049235457554459,1.4988998080733607,False,0.6728971957627741,False,102,112
baseline_unet+tta,2,9,10,0.0055996179580688,1.6158622900343722,True,0.7435897430900723,False,114,120
baseline_unet+tta,2,9,50,0.0080192070454359,1.7611359060886627,True,0.7062706265655871,False,140,163
baseline_unet+tta,2,9,100,0.0104458760470151,1.7362228343041997,True,0.5487528339692823,False,206,235
baseline_unet+tta,2,9,150,0.0133328242227435,1.703941164323201,True,0.4643962843337519,True,294,352
