field,reference,Scratch U-Net + TTA s0,Scratch U-Net + TTA s0 gated,Scratch U-Net + TTA s1,Scratch U-Net + TTA s1 gated,Scratch U-Net + TTA s2,Scratch U-Net + TTA s2 gated,ChipStain + TTA s0,ChipStain + TTA s0 gated,ChipStain + TTA s1,ChipStain + TTA s1 gated,ChipStain + TTA s2,ChipStain + TTA s2 gated,ImageNet-L1 U-Net + TTA s0,ImageNet-L1 U-Net + TTA s0 gated,ImageNet-L1 U-Net + TTA s1,ImageNet-L1 U-Net + TTA s1 gated,ImageNet-L1 U-Net + TTA s2,ImageNet-L1 U-Net + TTA s2 gated
0,23.98584855429717,24.478565854748787,24.478565854748787,24.875978532574315,24.875978532574315,26.97069108847786,26.97069108847786,23.958652961256195,23.958652961256195,23.023431127095606,23.023431127095606,23.472230419243495,23.472230419243495,26.158249217098632,26.158249217098632,25.52891156819843,25.52891156819843,26.260583627912837,26.260583627912837
1,22.05031098479956,26.6133607181354,,26.520611264931855,,36.71132231265174,,24.36180118178701,25.451926766287016,,,24.334676211306565,21.053674264825858,24.86934426387109,,25.33935441402141,21.74151005423477,28.6461664205472,
2,22.29357213641428,23.119801735391047,23.119801735391047,23.387575239373987,23.387575239373987,28.155088358440473,28.155088358440473,24.56762419008614,24.56762419008614,25.418669572256114,25.418669572256114,35.979999535363696,23.597530037986576,25.0767204676553,25.0767204676553,24.69406898335288,24.69406898335288,24.51266928256712,24.51266928256712
3,22.86972725079427,23.62751900834611,23.62751900834611,22.09055070557894,22.09055070557894,25.718640819733043,25.718640819733043,23.27791538288017,23.27791538288017,23.782573431429526,23.782573431429526,28.87974862590357,28.095276285768037,23.003064029028867,23.003064029028867,23.465652726968642,,24.969965318952138,24.969965318952138
4,21.658100910983094,23.129212836541143,23.129212836541143,22.946642970159974,22.946642970159974,25.663427198343335,25.663427198343335,22.982900710543493,22.982900710543493,28.495564638001742,28.495564638001742,23.616158976083582,23.616158976083582,23.88699710887649,23.88699710887649,23.85011436991819,23.85011436991819,24.501740517374106,24.501740517374106
5,23.34022449977024,20.613415438859207,20.613415438859207,21.581857080038095,21.581857080038095,21.59240628502561,21.59240628502561,21.30062464500905,21.30062464500905,22.486855358016257,22.486855358016257,21.229412954315524,21.229412954315524,21.891713198488304,21.891713198488304,21.807242850282048,,22.406416926149316,22.406416926149316
6,23.824822188040454,27.45882587096003,27.45882587096003,26.698699160142354,26.698699160142354,29.950198998814038,29.950198998814038,24.9364538360305,24.9364538360305,32.500017732471576,32.500017732471576,26.52166545498716,26.52166545498716,26.515583985824417,26.515583985824417,27.467245750836316,27.467245750836316,27.708776351269698,27.708776351269698
7,21.99410744897099,22.536211319339493,22.536211319339493,22.34049620812238,22.34049620812238,21.782207205129,21.782207205129,21.565365976400454,21.565365976400454,23.074316980168867,23.074316980168867,22.913851307600442,22.913851307600442,22.395487643846977,22.395487643846977,22.874069021009266,22.874069021009266,21.885659674447535,21.885659674447535
8,26.068753654608894,27.91097828644154,27.91097828644154,29.892496393650823,29.892496393650823,33.770003320668785,33.770003320668785,28.657423545810282,28.657423545810282,27.277217643762345,27.277217643762345,28.290100064358704,28.290100064358704,31.166594271181726,31.166594271181726,30.41224248822998,,30.679773347372585,30.679773347372585
9,22.682601999168966,23.235584507708342,,22.611476105526982,22.611476105526982,24.857010142329834,,23.099250059050167,23.78288767145085,,,24.881641010579266,21.360502688023228,22.88447937590315,,23.583661663789005,,23.943990287249033,23.93026775526968
10,23.852076036344737,30.73988808018448,,30.048302199022626,,38.309003667432954,,28.75936016052013,,57.587158652255184,,28.102698008213505,,29.606878137147234,,28.821404518680843,25.50839333751536,32.86906682405995,
11,22.988590496784212,30.61720303571226,,29.059309619972478,,42.767820220269684,,28.288684419252377,,33.33527737001136,,27.71368534927993,,29.858701591764028,,29.777061926580288,24.424166736110493,34.97188894464363,
12,21.927176621668437,22.825910844353476,22.233044461998972,23.689309199554778,22.948101845225057,30.31794288439926,25.5817926200557,22.945928914850636,22.945928914850636,23.637860880628548,26.927804741280347,23.24535778284256,23.551329241604314,25.141971613347987,24.522922000907446,25.21635970271646,,25.33929114615918,22.60884984436604
13,19.7260525050961,22.619527698230513,22.619527698230513,23.590570626274637,23.590570626274637,25.78935225638407,25.78935225638407,21.8287320236978,21.8287320236978,21.515398242508486,21.515398242508486,23.48816640719505,23.48816640719505,23.126378260753913,23.126378260753913,23.039412691484042,23.039412691484042,23.04162005599654,23.04162005599654
14,23.63512511431382,24.869621584372382,24.869621584372382,24.67662614874162,24.67662614874162,30.83634284043498,30.83634284043498,27.80936128281227,27.80936128281227,26.990283598899154,26.990283598899154,26.41962658672191,26.41962658672191,25.259865401836297,25.259865401836297,26.559183902343925,,24.842763106410708,24.842763106410708
15,27.291458862184996,29.87231391927746,29.87231391927746,27.84726534054163,27.84726534054163,34.39388528892134,34.39388528892134,27.00877125761446,25.729705190653846,28.852108834336637,28.852108834336637,27.48235583903792,27.48235583903792,28.65603882816281,28.65603882816281,28.314856145485564,28.314856145485564,29.396883947916994,29.396883947916994
16,22.388353810823627,26.366865892325468,26.366865892325468,26.048520329395362,26.048520329395362,27.326073576837253,27.326073576837253,22.77890714902717,22.77890714902717,24.050626850940212,24.050626850940212,24.690933394217627,24.690933394217627,25.16572417726716,25.16572417726716,25.64167567837546,25.64167567837546,27.329144871525283,27.329144871525283
17,26.52378305551004,25.11057153472541,25.11057153472541,24.61586833733961,24.61586833733961,37.03734849602432,37.03734849602432,25.063509053995798,25.063509053995798,25.4506813040987,25.4506813040987,24.99301363720742,24.99301363720742,25.353730565476102,25.353730565476102,25.816518730640187,25.816518730640187,25.11655738629937,25.11655738629937
18,25.719041671769837,27.076759433166888,27.076759433166888,27.293693866853697,27.66569555379317,26.62022053332338,26.62022053332338,27.255674187452495,27.255674187452495,29.98035828954713,29.98035828954713,27.810527083915034,27.810527083915034,27.65366739152878,27.65366739152878,26.443870310777257,26.443870310777257,27.256412370638014,27.256412370638014
19,21.645898198530706,24.015812818465857,,23.20852224195263,21.044211718501302,28.731329619355975,30.411335609772838,23.396567785638684,,26.96855687861271,20.27146163903313,23.409188653754935,21.959586931256297,24.268614404433254,25.049303171314648,23.725020997080605,23.725020997080605,26.723252938163338,26.723252938163338
20,22.865361594882376,26.234486255800565,,25.29745235686116,,36.189264043206634,,23.944483165121486,23.944483165121486,23.386914810823924,,24.74516441221247,23.06254994007686,27.26494327581999,,26.19265051546115,26.19265051546115,29.6272024072489,29.6272024072489
21,19.179181398465587,22.296654367906456,22.296654367906456,22.367755146929206,22.367755146929206,22.891990996258784,22.891990996258784,17.65342229405238,17.65342229405238,22.291893264393835,22.291893264393835,23.731228219850166,23.731228219850166,22.61079072226945,22.61079072226945,22.331975460215173,,20.751062220108885,20.751062220108885
22,20.216228129100443,18.72482090942835,18.72482090942835,18.851523575775808,18.851523575775808,19.83057643751884,19.83057643751884,17.85446381441699,17.85446381441699,18.04748999530824,18.04748999530824,16.896889240173493,16.896889240173493,18.478786073670488,18.478786073670488,18.56833562611825,18.56833562611825,18.369989769273033,18.369989769273033
23,37.052938890599926,29.38999578116978,29.38999578116978,28.40314142162944,28.40314142162944,32.48292233103082,32.48292233103082,23.318050398187783,23.318050398187783,26.164842547232446,26.164842547232446,26.407720324561314,26.407720324561314,28.487391004235846,28.487391004235846,28.628292137911746,28.628292137911746,29.53046909567736,29.53046909567736
24,20.864438183925092,23.568405983537325,23.568405983537325,23.509982131093125,23.509982131093125,29.730407303645865,29.730407303645865,23.586647954319137,23.586647954319137,23.495283836955796,23.495283836955796,23.602345095529326,23.602345095529326,25.40997832822239,25.40997832822239,25.01110428397102,25.01110428397102,25.740711448239516,25.740711448239516
