model,seed,frames,fields_used,pop_dt_h,bias_pct,mape_pct,collapsed_fields,fields_needing_review,frames_flagged,failed_frames,failed_frames_flagged
Scratch U-Net + TTA,0,all frames,25,24.899295536187925,7.68673801549375,11.292282843508323,0,0,0,6,0
Scratch U-Net + TTA,0,"all frames, same fields as gated",19,24.3408690751316,4.278526120257257,9.022664051855378,0,0,0,6,0
Scratch U-Net + TTA,0,σ-gated,19,24.307178182912644,4.136221005711427,8.880358937309548,0,6,26,6,4
Scratch U-Net + TTA,1,all frames,25,24.705119969323704,6.827642057254593,10.71103564849854,0,0,0,4,0
Scratch U-Net + TTA,1,"all frames, same fields as gated",21,24.178214190495037,4.161716224176659,8.784803832800403,0,0,0,4,0
Scratch U-Net + TTA,1,σ-gated,21,24.044860390528104,3.59349633419826,8.481315273270582,0,4,22,4,4
Scratch U-Net + TTA,2,all frames,25,28.999961792173607,26.74085000091231,28.55631098732027,0,0,0,46,0
Scratch U-Net + TTA,2,"all frames, same fields as gated",20,27.627045953145558,19.37624385593856,21.645570088948514,0,0,0,46,0
Scratch U-Net + TTA,2,σ-gated,20,27.471349912937796,18.68433686161238,20.95366309462234,0,5,24,46,8
ChipStain + TTA,0,all frames,25,23.833835026349764,3.245537419089448,9.169434670094292,0,0,0,3,0
ChipStain + TTA,0,"all frames, same fields as gated",22,23.46758330438796,1.3373419104475945,8.069043332044009,0,0,0,3,0
ChipStain + TTA,0,σ-gated,22,23.49365289939883,1.4860259972063845,8.643790143947813,0,3,15,3,0
ChipStain + TTA,1,all frames,23,26.1420935348761,15.07146541482097,19.578197346411514,2,0,0,9,0
ChipStain + TTA,1,"all frames, same fields as gated",20,24.964983648884825,7.896011569542908,13.078753290872031,0,0,0,9,0
ChipStain + TTA,1,σ-gated,20,24.772069661991416,7.0992429999930495,12.916948697818592,0,5,29,9,8
ChipStain + TTA,2,all frames,25,25.09494802106848,9.050533011791822,14.018952712746676,0,0,0,4,0
ChipStain + TTA,2,"all frames, same fields as gated",23,24.86420481082511,8.169064144869411,13.569520341559468,0,0,0,4,0
ChipStain + TTA,2,σ-gated,23,23.943293032525165,3.7326999056901125,10.033027755565389,0,2,16,4,1
ImageNet-L1 U-Net + TTA,0,all frames,25,25.207351193617967,9.007374762963652,12.393675076491098,0,0,0,12,0
ImageNet-L1 U-Net + TTA,0,"all frames, same fields as gated",20,24.833923555424896,6.912831734362493,11.145707126271795,0,0,0,12,0
ImageNet-L1 U-Net + TTA,0,σ-gated,20,24.84228372446404,6.9520031804640485,11.184878572373353,0,5,28,12,4
ImageNet-L1 U-Net + TTA,1,all frames,25,25.181235889088473,8.829855573969533,12.03966595373612,0,0,0,12,0
ImageNet-L1 U-Net + TTA,1,"all frames, same fields as gated",18,25.40130555196886,8.903539741870722,12.631833980937854,0,0,0,12,0
ImageNet-L1 U-Net + TTA,1,σ-gated,18,24.741943929749084,5.931797756383627,9.815696215866753,0,7,29,12,4
ImageNet-L1 U-Net + TTA,2,all frames,25,26.000552768226648,12.789879573179864,15.928588391779709,0,0,0,19,0
ImageNet-L1 U-Net + TTA,2,"all frames, same fields as gated",22,25.26914369686433,9.086512724922216,12.65322729151295,0,0,0,19,0
ImageNet-L1 U-Net + TTA,2,σ-gated,22,25.13787031411453,8.517748454262456,12.084463020853192,0,3,14,19,3
