cfg,seed,term,auroc,n_failed,within_rho
baseline_unet,0,total σ,0.4446196294836421,215,0.5637249185388441
baseline_unet,0,TTA disagreement,0.4446196294836421,215,0.5637249185388441
baseline_unet,1,total σ,0.4988026819923372,216,0.5802984050763161
baseline_unet,1,TTA disagreement,0.4988026819923372,216,0.5802984050763161
baseline_unet,2,total σ,0.8989234449760766,209,0.10527868290173208
baseline_unet,2,TTA disagreement,0.8989234449760766,209,0.10527868290173208
chipstain_nll,0,total σ,0.9996958637469586,274,0.6568821814440061
chipstain_nll,0,learned head (TTA mean),0.9414537712895377,274,0.14093637454981991
chipstain_nll,0,TTA disagreement,0.982816301703163,274,0.41124335448465105
chipstain_nll,0,"learned head, single pass",0.8578923357664233,274,0.0982129994855085
chipstain_nll,1,total σ,0.37267485119047616,256,0.6956405419310581
chipstain_nll,1,learned head (TTA mean),0.37211681547619047,256,0.4632275767449837
chipstain_nll,1,TTA disagreement,0.40662202380952384,256,0.7081941347967758
chipstain_nll,1,"learned head, single pass",0.37202380952380953,256,0.48246269936546055
chipstain_nll,2,total σ,0.3118183443590202,238,0.7110890070313839
chipstain_nll,2,learned head (TTA mean),0.313338101197926,238,0.6975338706911335
chipstain_nll,2,TTA disagreement,0.30681208653674236,238,0.4135894357743098
chipstain_nll,2,"learned head, single pass",0.3155730377257286,238,0.6895764019893671
pretrained_l1,0,total σ,0.9524553571428571,210,0.46226719259132226
pretrained_l1,0,TTA disagreement,0.9524553571428571,210,0.46226719259132226
pretrained_l1,1,total σ,0.9762541806020066,260,0.20441776710684276
pretrained_l1,1,TTA disagreement,0.9762541806020066,260,0.20441776710684276
pretrained_l1,2,total σ,0.3060185185185185,225,0.8542822843423084
pretrained_l1,2,TTA disagreement,0.3060185185185185,225,0.8542822843423084
