cfg,seed,condition,pearson,mae,sigma_ratio
baseline_unet,0,clean,0.7835780785499757,0.028305726100807078,1.0
baseline_unet,0,blur σ=1 px,0.44876569284953516,0.031685227259993495,0.7635141634608276
baseline_unet,0,blur σ=2 px,0.31826059341784485,0.032166106793571375,0.332696573203143
baseline_unet,0,blur σ=4 px,0.18874607271136734,0.03315090046452576,0.10642537021544926
baseline_unet,0,noise 10 %,0.4963757677061625,0.07150493908352698,5.9100739099507935
baseline_unet,0,noise 20 %,0.3213288296333353,0.10458896689474917,7.956560019488858
baseline_unet,0,modality: DPC,0.643607785554776,0.03033840587917753,1.109471330827154
baseline_unet,1,clean,0.7808077931198902,0.02916326138763078,1.0
baseline_unet,1,blur σ=1 px,0.4362479729903212,0.03144873315938024,1.4726150735577914
baseline_unet,1,blur σ=2 px,0.3175419621978975,0.03234540351696538,0.6142577204403152
baseline_unet,1,blur σ=4 px,0.18627256566060807,0.03348861214314031,0.09366510198010451
baseline_unet,1,noise 10 %,0.489036619548222,0.07328397570134308,5.6977911926855525
baseline_unet,1,noise 20 %,0.3297143493393399,0.10183028721659836,7.3880678414701295
baseline_unet,1,modality: DPC,0.6409638407392141,0.029451989803964292,2.19345045269215
baseline_unet,2,clean,0.7421794280952538,0.02711272153038508,1.0
baseline_unet,2,blur σ=1 px,0.43909109807088015,0.03226916980759988,1.826325849705171
baseline_unet,2,blur σ=2 px,0.16806700246824666,0.0369316529580045,2.518961094423122
baseline_unet,2,blur σ=4 px,0.02958443112130654,0.03904976772771016,2.897065502068628
baseline_unet,2,noise 10 %,0.6331078718544638,0.03886966033290241,3.3987947958576514
baseline_unet,2,noise 20 %,0.476809391702254,0.048602674183143145,4.757735757895588
baseline_unet,2,modality: DPC,0.3946580016044681,0.06351772139929059,15.391489392501386
chipstain_nll,0,clean,0.7816831480593112,0.029999316940986252,1.0
chipstain_nll,0,blur σ=1 px,0.1228378577837023,0.11079222261571157,5.398208933951281
chipstain_nll,0,blur σ=2 px,0.07799721030980346,0.2296736882457175,8.496185925826042
chipstain_nll,0,blur σ=4 px,0.0937567370392289,0.27952801843528446,9.464563966469585
chipstain_nll,0,noise 10 %,0.49590908293205616,0.11793132179009091,3.0997436271015033
chipstain_nll,0,noise 20 %,0.321021119112813,0.1893408975888419,4.149866867218543
chipstain_nll,0,modality: DPC,0.08122036451747705,0.2683260616638216,10.768956695840329
chipstain_nll,1,clean,0.759637859504698,0.0299978885002941,1.0
chipstain_nll,1,blur σ=1 px,0.4454753583183818,0.03228928815730956,0.3558921460002396
chipstain_nll,1,blur σ=2 px,0.21343676000748066,0.03511513175897868,0.21764908406420294
chipstain_nll,1,blur σ=4 px,0.05549515361684112,0.03628837980879857,0.19631091938760203
chipstain_nll,1,noise 10 %,0.4368995828665669,0.1403002686646415,4.0438694688184595
chipstain_nll,1,noise 20 %,0.2938482750560798,0.19034183069513946,4.817247380544167
chipstain_nll,1,modality: DPC,0.504962062572934,0.035520300293392204,0.35400417657879857
chipstain_nll,2,clean,0.7746114532919589,0.03144509213247595,1.0
chipstain_nll,2,blur σ=1 px,0.3942927623374501,0.032179050171065954,0.357306652124208
chipstain_nll,2,blur σ=2 px,0.24448346383339317,0.03394914336968553,0.2727203885924419
chipstain_nll,2,blur σ=4 px,0.13611440129183328,0.034699905703402784,0.2503142131573934
chipstain_nll,2,noise 10 %,0.5016287894471385,0.09810658607958639,3.0255169311794483
chipstain_nll,2,noise 20 %,0.3134747508639721,0.15572381681877195,3.8493328282056036
chipstain_nll,2,modality: DPC,0.5165022652631827,0.03347565259445902,0.4028147460779594
pretrained_l1,0,clean,0.7735199751612309,0.02806912029266459,1.0
pretrained_l1,0,blur σ=1 px,0.13288288015165006,0.08920784373872168,1096.064917343455
pretrained_l1,0,blur σ=2 px,0.031604837143335424,0.12903121541457738,4608.420420737755
pretrained_l1,0,blur σ=4 px,-0.005817920727951702,0.11527743104575558,6776.471880461008
pretrained_l1,0,noise 10 %,0.6766748812661533,0.04014331048880132,2.6433126940272693
pretrained_l1,0,noise 20 %,0.3761324087141119,0.07729976900425597,6.156727406582736
pretrained_l1,0,modality: DPC,0.5381050765554329,0.030668961198470398,0.6150464712171039
pretrained_l1,1,clean,0.7730980662552703,0.02761936120657956,1.0
pretrained_l1,1,blur σ=1 px,0.12511575374902448,0.049202764140997945,23.131623403795086
pretrained_l1,1,blur σ=2 px,0.01840334489715158,0.06774641485263205,50.23647133138099
pretrained_l1,1,blur σ=4 px,0.0016780704275137436,0.07662718813840584,63.734760762483546
pretrained_l1,1,noise 10 %,0.5436581853325654,0.06326290258921614,2.80615821674498
pretrained_l1,1,noise 20 %,0.29984546075785956,0.11970081158520571,4.645944529249359
pretrained_l1,1,modality: DPC,0.3572835510466091,0.042754282366618455,3.048251153680205
pretrained_l1,2,clean,0.7660920081638726,0.027462221695427766,1.0
pretrained_l1,2,blur σ=1 px,0.4484693515378167,0.031303907120609,0.6896996677920852
pretrained_l1,2,blur σ=2 px,0.23006749390035772,0.03370040781740965,0.5326527072015517
pretrained_l1,2,blur σ=4 px,0.08607043908402855,0.03390092010315535,0.3797372675911602
pretrained_l1,2,noise 10 %,0.6398653597080358,0.0487742676687742,2.888383713178093
pretrained_l1,2,noise 20 %,0.37083739284751227,0.08964272166574153,5.739800459267495
pretrained_l1,2,modality: DPC,0.432359984168835,0.03257311785853706,0.41054621548843007
