frame,hours,n_pred,n_real,f1_vs_real,mean_sigma,pearson,mae,in_test_set
1,0.0,69,64,0.676691728824015,0.041685521602630615,0.7915150442456763,0.022485834876060935,True
2,0.25,71,62,0.6917293228105602,0.04632914811372757,0.7975056487899351,0.0229827224524851,False
3,0.5,72,61,0.7518796987515405,0.03009825199842453,0.8072350212074016,0.019763561096016045,False
4,0.75,73,64,0.7299270068014279,0.03883086517453194,0.8168974498022322,0.02120283826161532,False
5,1.0,73,64,0.7445255469474132,0.040221553295850754,0.8145816838264774,0.02160742251895796,False
6,1.25,71,63,0.6865671636808865,0.037132516503334045,0.80659157150408,0.021465986545986054,False
7,1.5,70,62,0.6818181813200184,0.0369245707988739,0.8039113778206486,0.021670190632058522,False
8,1.75,74,62,0.6911764700921279,0.032067276537418365,0.8017643041370691,0.02058293424886987,False
9,2.0,70,64,0.6567164174114503,0.03329659253358841,0.8067480325993802,0.02071107859621751,False
10,2.25,75,66,0.6524822690055831,0.038101404905319214,0.8084973644864345,0.02152378559413588,True
11,2.5,69,64,0.6616541348390524,0.03611823916435242,0.8077576064573875,0.021177856763496306,False
12,2.75,73,67,0.6285714280723469,0.04053374007344246,0.8062197325473299,0.022093247232586554,False
13,3.0,73,68,0.6666666661672953,0.0325603149831295,0.8114904007538374,0.020791333159055393,False
14,3.25,74,66,0.6999999995016326,0.03297964856028557,0.8162235511698769,0.020806582096181043,False
15,3.5,77,66,0.657342656845616,0.029676856473088264,0.8106697462088541,0.020517931378345254,False
16,3.75,76,69,0.6620689650184066,0.040786903351545334,0.8057011012808591,0.022658467818643554,False
17,4.0,81,72,0.6405228753187235,0.0377717986702919,0.8073488732335586,0.022253803284088144,False
18,4.25,81,71,0.6578947363442692,0.03542666882276535,0.7933827842813144,0.02221537115821578,False
19,4.5,83,71,0.6363636358666722,0.03321126475930214,0.8018965167515157,0.021856649975291617,False
20,4.75,81,75,0.6410256405263806,0.03829323127865791,0.8035501314664093,0.022878584537614703,False
21,5.0,81,73,0.6493506488519986,0.03753787279129028,0.7976193847849183,0.023025634131498857,False
22,5.25,79,75,0.6493506488509866,0.03602533042430878,0.7938569828619593,0.022687301937883812,False
23,5.5,80,71,0.675496688243498,0.0324828214943409,0.8076977382754837,0.02228666672706331,False
24,5.75,83,70,0.6797385615951129,0.033208269625902176,0.7952378112662706,0.022850516946650894,False
25,6.0,83,74,0.6114649676545093,0.034160442650318146,0.8028156579281587,0.02286898140230125,False
26,6.25,83,72,0.6967741930509052,0.03350643441081047,0.7989952864593727,0.02294108566157167,False
27,6.5,79,74,0.614379084467854,0.04008987918496132,0.7971124056317764,0.024306702363944138,False
28,6.75,78,75,0.6013071890426758,0.03741650655865669,0.7922629596784296,0.024292674321684686,False
29,7.0,81,78,0.6037735844058384,0.03659666329622269,0.7945289158506936,0.024151444280803156,False
30,7.25,84,78,0.5555555550562413,0.037023015320301056,0.8041923329363121,0.023947836767043137,False
31,7.5,88,77,0.6060606055628283,0.03375648334622383,0.8000474202391618,0.023850447811294286,False
32,7.75,83,78,0.5838509311775009,0.03855317458510399,0.7887410539546391,0.025026559152193255,False
33,8.0,84,73,0.6114649676553207,0.0385311022400856,0.7958621713773854,0.025100634286078345,False
34,8.25,81,73,0.6233766228779727,0.03465428203344345,0.8012334023510146,0.02463771114922141,False
35,8.5,83,79,0.567901234068206,0.040113918483257294,0.7996554732188694,0.025584642442460948,False
36,8.75,85,72,0.6114649676562943,0.040114328265190125,0.7880996365397898,0.025985508111962975,False
37,9.0,87,74,0.5714285709318314,0.04878566414117813,0.7948475277263347,0.026853331262223668,False
38,9.25,90,78,0.5119047614073129,0.03995215520262718,0.7778404082682658,0.026951733751085345,False
39,9.5,90,78,0.5952380947406462,0.04208618775010109,0.7867993951257506,0.026961277593467274,False
40,9.75,92,75,0.6467065863315286,0.04135393351316452,0.7989316478337883,0.026892386105879088,False
41,10.0,90,84,0.5632183903051922,0.04353318363428116,0.7967450975759789,0.02699136843637504,False
42,10.25,91,79,0.6235294112671972,0.04151996970176697,0.7925076647837088,0.02701281942449246,False
43,10.5,95,78,0.6127167625106084,0.03574391081929207,0.7981734332075695,0.026280447071241976,False
44,10.75,94,76,0.6117647053879585,0.037387117743492126,0.7826117263180573,0.027438094215870144,False
45,11.0,93,77,0.588235293622076,0.04349670931696892,0.7865275367081802,0.0282535072245663,False
46,11.25,92,75,0.6107784426189536,0.04895124211907387,0.7936905276321501,0.02846230202768871,False
47,11.5,93,77,0.5764705877397232,0.040707435458898544,0.7854218805108698,0.028076214224607994,False
48,11.75,93,75,0.5952380947438349,0.04218386486172676,0.7813528284619856,0.028846960555743158,False
49,12.0,95,76,0.6081871340090967,0.04087426885962486,0.7844836772670262,0.028446122296742263,False
50,12.25,93,76,0.6508875734695564,0.043111611157655716,0.7780011888546293,0.029193062058376674,True
51,12.5,98,83,0.596685082376362,0.04813506454229355,0.7826363645801285,0.030026722640218887,False
52,12.75,97,77,0.6321839075525829,0.04384250566363335,0.7904435499050638,0.029155731248515202,False
53,13.0,94,80,0.6091954018020873,0.05244145542383194,0.7729743490007729,0.030771448492164125,False
54,13.25,94,86,0.5999999995009876,0.049629323184490204,0.7784534570053814,0.03061220403065199,False
55,13.5,104,86,0.5789473679255401,0.05602803826332092,0.7725427254677038,0.0314305123632368,False
56,13.75,103,87,0.5578947363456509,0.050493236631155014,0.7664578047648386,0.03129603967646343,False
57,14.0,101,91,0.5312499995013563,0.05608157813549042,0.7588761645849768,0.03243156985656955,False
58,14.25,104,89,0.5388601031299631,0.051568131893873215,0.7665985081215612,0.031921842293481516,False
59,14.5,108,92,0.5799999995032,0.05993734672665596,0.7685524167167873,0.032887071888763976,False
60,14.75,106,91,0.5888324868125434,0.05873434618115425,0.7644594375908387,0.0329695561483586,False
61,15.0,110,92,0.5841584153455543,0.05113606154918671,0.7771814537110252,0.03176243774306095,False
62,15.25,108,91,0.5728643211116891,0.05623018741607666,0.7685694544259736,0.03327023907044499,False
63,15.5,107,101,0.5673076918081082,0.05752766132354736,0.7497943673991312,0.03371785155359218,False
64,15.75,111,96,0.5797101444301617,0.052112363278865814,0.7507473921866632,0.03340894116596997,False
65,16.0,112,98,0.523809523311746,0.059350889176130295,0.748945270244244,0.034190418030345,False
66,16.25,108,92,0.5799999995032,0.059233102947473526,0.7430350597241762,0.03494289452879542,False
67,16.5,108,93,0.5671641786072622,0.050069261342287064,0.753612955848325,0.03345746779679702,False
68,16.75,109,92,0.587064676120492,0.057790257036685944,0.7577387641155005,0.03427840133155372,False
69,17.0,117,95,0.566037735354441,0.06018620356917381,0.7619096375967909,0.033802292972387626,False
70,17.25,115,90,0.6146341458488994,0.060593198984861374,0.7564789122533347,0.035098949516721475,False
71,17.5,113,93,0.5825242713493731,0.06414038687944412,0.7553987774076333,0.03537494366911359,False
72,17.75,121,98,0.6392694058982089,0.062340281903743744,0.7516783704549477,0.0347183572879795,False
73,18.0,116,98,0.5607476630549393,0.06116591393947601,0.752525632672436,0.03497072733769141,False
74,18.25,120,97,0.5806451607959395,0.0573575459420681,0.7644187939188873,0.034721609793144315,False
75,18.5,121,97,0.6055045866620233,0.06069929897785187,0.7510467393561776,0.035373564138109506,False
76,18.75,119,101,0.5454545449578924,0.0655694454908371,0.7572018679463953,0.035151748241578504,False
77,19.0,117,97,0.5700934574482924,0.051921505481004715,0.767266962249764,0.03368196621253546,False
78,19.25,119,102,0.5882352936206056,0.06019673869013786,0.7673107409490432,0.03533037387328159,False
79,19.5,121,99,0.5727272722322726,0.05365800857543945,0.7782405522423471,0.03406233027938698,False
80,19.75,120,105,0.5688888883911111,0.06140755116939545,0.7797261141718448,0.03421337654197724,False
81,20.0,123,104,0.581497796860331,0.06755352020263672,0.7768990697035172,0.03424549228547687,False
82,20.25,123,103,0.548672565875597,0.06303132325410843,0.7765314788379559,0.034392199423788475,False
83,20.5,121,105,0.49557522074144417,0.06657947599887848,0.761089646483876,0.03556636344245222,False
84,20.75,125,107,0.5517241374340441,0.06177730858325958,0.765961858887124,0.03530933439809353,False
85,21.0,128,114,0.5950413218157229,0.05943560227751732,0.7739829923760986,0.035465907847903586,False
86,21.25,130,112,0.5619834705771463,0.058774467557668686,0.7737934127491486,0.03516324058731009,False
87,21.5,134,115,0.570281124000903,0.05929325893521309,0.7725953196846881,0.03517216011222715,False
88,21.75,129,116,0.571428570929979,0.05800536274909973,0.767608703417971,0.03547534436748609,False
89,22.0,139,119,0.5891472863247099,0.06145942583680153,0.767126309063657,0.035535499316046784,False
90,22.25,139,117,0.5390624995036924,0.06258358806371689,0.7684755873986957,0.03548371700282961,False
91,22.5,137,116,0.5928853749975159,0.056452613323926926,0.7843086066972021,0.034999910126217275,False
92,22.75,136,122,0.5658914723696893,0.05866739898920059,0.7773494727116154,0.03507827055408636,False
93,23.0,131,122,0.5375494066152572,0.05412791669368744,0.7765453177352856,0.035146242774482445,False
94,23.25,134,124,0.5813953483379605,0.05638439953327179,0.7750473517968971,0.03579207311578715,False
95,23.5,133,124,0.5992217893838816,0.05857022851705551,0.7826871618518009,0.03529973258861176,False
96,23.75,139,125,0.5681818176832243,0.062312282621860504,0.7746013257694181,0.03624075046554646,False
97,24.0,141,121,0.5725190834723792,0.0639013946056366,0.7714708465477725,0.03649087240353258,False
98,24.25,148,123,0.5682656821610816,0.06625864654779434,0.7728720776960735,0.03606127548695996,False
99,24.5,142,124,0.5714285709308609,0.06221149116754532,0.7743533303627711,0.03672478519058873,False
100,24.75,137,130,0.5767790257175721,0.06073683500289917,0.783099460531468,0.036486959638943335,True
101,25.0,150,130,0.5785714280739795,0.07043354958295822,0.7732707660818425,0.03712396809204062,False
102,25.25,146,128,0.5401459849036176,0.06023348495364189,0.7748443746651762,0.03742123795124785,False
103,25.5,145,130,0.5236363631378512,0.06314478069543839,0.7680825068625979,0.03774130274302712,False
104,25.75,149,132,0.49822064007122496,0.06159882992506027,0.7691395853319901,0.03722373881830775,False
105,26.0,144,131,0.5454545449556628,0.060865215957164764,0.7568101892243834,0.03832469374876681,False
106,26.25,151,131,0.5957446803535787,0.05928407609462738,0.778234192759123,0.03695913155083102,False
107,26.5,146,135,0.5693950172943605,0.0620238222181797,0.7722784997347683,0.03744434655666676,False
108,26.75,152,140,0.5890410953912553,0.054176125675439835,0.7834708400209112,0.03615627822712669,False
109,27.0,154,138,0.5753424652549258,0.06184982880949974,0.7807854360366798,0.03774806534022657,False
110,27.25,160,143,0.495049504452069,0.06381959468126297,0.7716952200747398,0.038828545725294615,False
111,27.5,154,141,0.5559322028908014,0.05998606979846954,0.7803703443906088,0.03780907071862995,False
112,27.75,156,143,0.5418060195678348,0.05820362642407417,0.7775815861832253,0.037691290016860744,False
113,28.0,162,145,0.5146579799575592,0.05633804574608803,0.7781870594394179,0.037975503495451056,False
114,28.25,150,143,0.5460750848245174,0.06171225383877754,0.7831982702593342,0.03764086671416533,False
115,28.5,154,146,0.5399999995003555,0.06093090400099754,0.778818565438365,0.037683168517422004,False
116,28.75,158,146,0.5131578942376211,0.06642024964094162,0.7727591801557527,0.03868840963923371,False
117,29.0,155,147,0.5430463571162448,0.06603217869997025,0.7668170178097986,0.03885483557987864,False
118,29.25,159,144,0.5610561051117864,0.05907038226723671,0.7770375041416224,0.03893122802290777,False
119,29.5,160,147,0.5407166118787466,0.05989142507314682,0.7794828902997611,0.038467076798127484,False
120,29.75,167,150,0.504731860700176,0.060014642775058746,0.7745539976818029,0.040190934774212136,False
121,30.0,161,150,0.5723472663816546,0.07032460719347,0.774754626455929,0.038974348271076,False
122,30.25,163,152,0.5269841264847366,0.0639045462012291,0.7798101651154178,0.038830093581833376,False
123,30.5,164,157,0.5358255446715774,0.05958428606390953,0.7879573576239249,0.0386618046047447,False
124,30.75,163,154,0.529968453759078,0.057764340192079544,0.7731910978840764,0.040074395210339224,False
125,31.0,170,153,0.49535603665308786,0.05996738746762276,0.7741945443380236,0.04018107338034346,False
126,31.25,168,159,0.513761467390287,0.06847204267978668,0.7717661541457213,0.0408041414313654,False
127,31.5,173,160,0.5345345340352966,0.05692731961607933,0.7766102447258747,0.04038576055159703,False
128,31.75,168,158,0.5214723921385072,0.06821664422750473,0.768849379208332,0.04149234779715092,False
129,32.0,173,160,0.4804804799812425,0.06859803199768066,0.7679660054636163,0.042122883379104824,False
130,32.25,173,158,0.5256797578091839,0.06612411141395569,0.7752846752131008,0.04133059559024,False
131,32.5,170,159,0.49240121530603004,0.06506079435348511,0.7675098402962883,0.04201849360294247,False
132,32.75,175,156,0.4712990931572366,0.06638295203447342,0.7643993607229255,0.042509493540073766,False
133,33.0,181,158,0.5132743357854874,0.06643467396497726,0.7684777134143203,0.04204987838562274,False
134,33.25,174,163,0.5044510380762004,0.07221971452236176,0.7630112338686891,0.04347840603420564,False
135,33.5,184,165,0.5157593118223988,0.06820452958345413,0.7665120288148357,0.04273118423455652,False
136,33.75,184,170,0.5367231633425898,0.07301072031259537,0.7691318228805195,0.042252211852158016,False
137,34.0,186,174,0.4277777772783334,0.07720223814249039,0.7459132372065391,0.047418249269676395,False
138,34.25,186,175,0.58171745102401,0.07367490231990814,0.7644441631577461,0.04276930889132863,False
139,34.5,182,176,0.6145251391649448,0.07772921770811081,0.7617283730674443,0.04201969021382325,False
140,34.75,190,181,0.560646899769836,0.07322827726602554,0.7588069903111124,0.0439179602372333,False
141,35.0,189,176,0.5150684926513192,0.06629355996847153,0.7555502990562304,0.04369006099080987,False
142,35.25,195,180,0.5813333328341334,0.07221706956624985,0.751970980694251,0.04389716287982729,False
143,35.5,201,178,0.5118733504253242,0.0703015848994255,0.7531328846548927,0.04615559497118571,False
144,35.75,196,178,0.5133689834583772,0.0707288458943367,0.7503466925664108,0.044797468774320504,False
145,36.0,202,171,0.563002680468601,0.07854170352220535,0.752517661746095,0.04455164321303076,False
146,36.25,196,174,0.56216216166393,0.0776200145483017,0.7509314307201782,0.044584674972990006,False
147,36.5,200,181,0.5774278210235532,0.07613306492567062,0.752596426974586,0.044289618451746865,False
148,36.75,199,179,0.43386243336383357,0.07589881867170334,0.7409681149715458,0.04700051505702302,False
149,37.0,199,171,0.4594594589623229,0.10580157488584518,0.714775028323507,0.05133963733961503,False
150,37.25,206,180,0.5595854917302477,0.07440491020679474,0.7503985919050072,0.044921900353964934,True
151,37.5,201,178,0.4749340364411554,0.07112383842468262,0.7527260771642406,0.045877592906125794,False
152,37.75,214,188,0.5124378104473651,0.07804597169160843,0.7518831619471852,0.04580330316642666,False
153,38.0,202,195,0.5138539037822714,0.07948792725801468,0.7507481547724945,0.045719959726027555,False
154,38.25,206,195,0.4538653361587304,0.0729878693819046,0.7522293690886589,0.046820238505604544,False
155,38.5,208,188,0.4292929287942047,0.11030882596969604,0.7081019539122092,0.0548962254341788,False
156,38.75,212,195,0.43734643684730967,0.0799301341176033,0.729012790232129,0.05093485337203412,False
157,39.0,214,193,0.47665847615980783,0.0802210196852684,0.738180439678253,0.04826807492925337,False
158,39.25,212,189,0.42394014912758005,0.09025231003761292,0.7244482192635499,0.05240232505999701,False
159,39.5,208,204,0.4563106791116976,0.07031871378421783,0.7530776234259747,0.04663899628050713,False
160,39.75,213,192,0.3950617278964061,0.08059508353471756,0.7288507603465672,0.0519840574402796,False
161,40.0,218,199,0.565947241707273,0.07516516000032425,0.7655130872813776,0.044355597805322194,False
162,40.25,212,201,0.5326876508320738,0.0778064876794815,0.7531487357615938,0.04717635517896304,False
163,40.5,219,203,0.44075829333958133,0.07418335974216461,0.7364101709010887,0.05110760507221849,False
164,40.75,231,207,0.4657534241590355,0.07644764333963394,0.7415155186518433,0.04971704974798707,False
165,41.0,233,205,0.4657534241595776,0.07102558016777039,0.7563465364408135,0.047361608373038155,False
166,41.25,219,203,0.4360189568466903,0.07758557051420212,0.7374407468281613,0.05117960226897748,False
167,41.5,233,211,0.44594594544717353,0.07845009118318558,0.7419256372877706,0.050434955976434465,False
168,41.75,233,207,0.36818181768356406,0.07759586721658707,0.7286993399619146,0.05276042593796528,False
169,42.0,234,210,0.5090090085104699,0.07734542340040207,0.7561509333572835,0.0466510401166639,False
170,42.25,242,212,0.41850220214535505,0.07809408009052277,0.7367188868440464,0.05219426798057324,False
171,42.5,231,210,0.4081632648072563,0.07865849137306213,0.7414505032369928,0.051996445571244936,False
172,42.75,235,209,0.40540540490711996,0.08163437247276306,0.7331013081353321,0.053872920820864534,False
173,43.0,255,213,0.4786324781365056,0.08768679201602936,0.7429468003210166,0.05215794140701842,False
174,43.25,248,211,0.4357298469978024,0.08636435866355896,0.7240839059093584,0.055428578584103015,False
175,43.5,249,217,0.4506437763263921,0.0893191397190094,0.7241175796897967,0.055616574908846556,False
176,43.75,257,217,0.472573839166008,0.08378787338733673,0.7342491829980837,0.05547373181987596,False
177,44.0,252,219,0.42038216510755,0.08151520043611526,0.7302443527833119,0.05561716805093374,False
178,44.25,250,230,0.49583333283420145,0.07598759233951569,0.752392674575333,0.05107576278685005,False
179,44.5,242,221,0.50107991310794,0.08198532462120056,0.7309728599353624,0.055115127352399186,False
180,44.75,251,227,0.5146443509656956,0.07913090288639069,0.7411280336786626,0.05273315056315757,False
181,45.0,258,233,0.46843177139538994,0.07876349985599518,0.741226026652481,0.05332773946000163,False
182,45.25,258,227,0.4082474221824551,0.08410670608282089,0.7237625941255887,0.056970693905919245,False
183,45.5,257,229,0.4650205756333469,0.0788024514913559,0.7335814211304887,0.053783614556152756,False
184,45.75,250,229,0.4467640913589986,0.07804267853498459,0.7298926121511718,0.05394994702998845,False
185,46.0,252,226,0.4351464430161237,0.08101873844861984,0.7292064282995048,0.055038757862793164,False
186,46.25,266,224,0.4734693872587755,0.08138833194971085,0.731938412239916,0.055349977774501805,False
187,46.5,256,221,0.42767295547753476,0.08264057338237762,0.726524563863542,0.05575997190266242,False
188,46.75,254,226,0.5208333328350346,0.08483943343162537,0.7382918665023644,0.05291105935174245,False
189,47.0,248,234,0.45643153477013143,0.08393874764442444,0.730175013359744,0.055299196432177226,False
190,47.25,266,234,0.4839999995020481,0.08627024292945862,0.7362206643029188,0.05415093814375967,False
191,47.5,264,233,0.5191146876307179,0.08592364937067032,0.745741588340717,0.05236289487239754,False
192,47.75,265,239,0.48412698362831474,0.08545895665884018,0.7418261281532804,0.053627845560708154,False
193,48.0,280,235,0.48155339756206994,0.08499816805124283,0.7336655043616134,0.055711405866118356,False
194,48.25,262,231,0.5679513179603948,0.08670040220022202,0.7527253060876887,0.05119765338606729,False
195,48.5,277,229,0.5098814224294005,0.0864981859922409,0.7409588389075589,0.054265327971011815,False
196,48.75,263,235,0.5180722886582072,0.08479825407266617,0.7459394297042892,0.052962335228998694,False
197,49.0,276,231,0.43786982198914604,0.08528335392475128,0.7229550516691837,0.05859317992791833,False
198,49.25,279,243,0.5095785435636807,0.0825611799955368,0.7449323838637876,0.05458132783422527,False
199,49.5,278,236,0.5369649800480855,0.08215856552124023,0.7610162333344778,0.05173898274154035,False
200,49.75,276,238,0.5486381317984528,0.07709165662527084,0.76415694701502,0.04918111669519175,False
201,50.0,299,251,0.552727272231081,0.07962412387132645,0.7492631897499844,0.05297929552030168,False
202,50.25,284,256,0.36666666616801097,0.10149659216403961,0.7153668365800333,0.06055110333779258,False
203,50.5,283,263,0.3992673987680702,0.10457964986562729,0.7200728622180596,0.060550868507359266,False
204,50.75,287,257,0.404411764207403,0.08641787618398666,0.7215421578090379,0.059722754750778304,False
205,51.0,297,262,0.48300536622825707,0.08334501087665558,0.752585281512372,0.05209131931412042,False
206,51.25,312,272,0.45890410909138674,0.08818956464529037,0.7229900614331841,0.058984754800498224,False
207,51.5,303,275,0.3737024216465021,0.09287560731172562,0.7088320262033153,0.0631568224688457,False
208,51.75,297,277,0.39024390193963143,0.08897523581981659,0.7069506574411316,0.06232465780866185,False
209,52.0,282,272,0.38989169625106546,0.11368309706449509,0.7048637749281517,0.06345569165898615,False
210,52.25,310,284,0.5218855213864798,0.0809166431427002,0.7493500223818126,0.053067578717310965,False
211,52.5,309,289,0.40468227374805094,0.09217062592506409,0.7121319789195645,0.06417353148059042,False
212,52.75,306,285,0.5617597287730509,0.07807032763957977,0.7580896735545765,0.04863726476485948,False
213,53.0,295,292,0.32708688195316465,0.09279196709394455,0.7024518776444404,0.06482484862259023,False
214,53.25,294,298,0.3108108103108337,0.09427446871995926,0.7007169884634429,0.06427441990377822,False
215,53.5,309,292,0.36605657187976787,0.09331852197647095,0.7086415839186996,0.06465989363745042,False
216,53.75,292,292,0.38356164333561643,0.09404072910547256,0.7040995254597493,0.06389393118621803,False
217,54.0,302,296,0.3779264209047326,0.09261642396450043,0.7046538397781054,0.06520650219511555,False
218,54.25,325,306,0.4152139456177275,0.09138734638690948,0.7175071533097755,0.06376681069827697,False
219,54.5,321,295,0.5616883111892025,0.08270573616027832,0.7525044011115929,0.05247403590303238,False
220,54.75,316,308,0.46153846103854373,0.08648604899644852,0.7259924794915853,0.05949678498478067,False
221,55.0,303,291,0.5488215483217528,0.07523347437381744,0.7406456677951302,0.046653350131942335,False
222,55.25,315,293,0.33552631529012833,0.09719021618366241,0.6856020097619865,0.06793184109788006,False
223,55.5,325,295,0.3483870962753642,0.09903604537248611,0.6903498305881354,0.06764275515505604,False
224,55.75,324,300,0.43589743539817555,0.08889554440975189,0.7097915808146019,0.06337804360312509,False
225,56.0,321,304,0.4863999995003699,0.0855170339345932,0.7292552612631179,0.057933188881470664,False
226,56.25,313,286,0.41736226995176723,0.13486170768737793,0.6962967247074934,0.06620015307725646,False
227,56.5,330,305,0.4283464561936884,0.09036295115947723,0.7090517453489473,0.06402797018176001,False
228,56.75,332,304,0.5062893076770697,0.08720254898071289,0.7241188033007911,0.061335345902964154,False
229,57.0,308,298,0.39933993349353547,0.12346044927835464,0.6905309686144555,0.06867418479919717,False
230,57.25,334,303,0.38304552540385295,0.10009587556123734,0.6832463755278857,0.07089515039433429,False
231,57.5,335,308,0.43545878643711805,0.09292391687631607,0.7083496655543389,0.0664000942494891,False
232,57.75,325,312,0.35478806857399164,0.10279139876365662,0.680302657186325,0.07362747083580802,False
233,58.0,330,315,0.3813953483374798,0.09359011799097061,0.7051183564304201,0.0672419596559746,False
234,58.25,330,312,0.339563862428742,0.10680650919675827,0.6803961360697335,0.07159783436967321,False
235,58.5,321,319,0.4343749995000049,0.09220091253519058,0.7087905822134729,0.0665635331235017,False
236,58.75,323,322,0.3813953483372105,0.09952989965677261,0.6960795157621191,0.07151745699826613,False
237,59.0,333,308,0.38689547531979335,0.12646280229091644,0.7026227253060705,0.07047439641026076,False
238,59.25,319,303,0.38263665544888387,0.10615038126707077,0.6811897910701685,0.07230795173260016,False
239,59.5,339,319,0.3860182365825289,0.09840960800647736,0.6938545807284636,0.07133014569658952,False
240,59.75,326,312,0.4388714728544728,0.09310082346200943,0.7042716732640181,0.06772399129406521,False
